recordingId,trackId,initialFrame,finalFrame,numFrames,startXCenter,startYCenter,endXCenter,endYCenter,startLaneId,endLaneId,width,length,class
001,1,0,955,956,-63.0151,45.5397,65.2335,48.5664,5,13,1.4917,3.2434,car
001,2,0,575,576,46.6392,45.5846,-40.8647,6.6118,7,3,1.5574,3.4445,car
001,3,0,206,207,-33.8544,-1.4084,-15.3883,-44.0893,2,4,1.5077,3.4732,car
001,4,0,95,96,-22.5923,-22.5950,-15.6415,-44.2137,2,4,1.5049,3.6330,car
001,5,0,15,16,-48.1524,46.4338,-52.4780,48.9091,-1,-1,1.5673,3.9351,car
001,6,0,259,260,33.4441,-4.6921,68.3532,48.4717,2,12,1.5104,3.3875,car
001,7,0,114,115,-32.4940,38.7777,-52.2806,48.9083,-1,-1,1.5025,3.8840,car
001,8,0,465,466,-32.3241,-11.0193,-53.5121,40.9778,3,5,1.0872,2.4271,car
001,9,0,266,267,21.9803,35.4075,-49.7835,47.0341,7,-1,2.1475,8.8791,truck
001,10,0,9,10,12.7854,-23.2778,12.7701,-23.2680,1,1,0.8371,1.4998,car
001,11,0,6,7,-20.6366,30.1333,-20.6470,30.1379,9,9,0.6980,0.9734,pedestrian
001,12,0,517,489,37.2098,41.1860,-16.4920,-39.1458,7,4,0.8256,1.3534,motor
001,13,0,17,18,-27.1730,34.4665,-25.3407,34.7036,-1,-1,0.6942,0.8335,people
001,14,0,4,5,25.6094,-24.5663,25.8556,-24.0695,11,11,0.8723,1.2792,people
001,15,0,107,61,-27.5457,34.4235,-15.5372,34.9895,-1,6,1.0114,2.3870,tricycle
001,16,0,131,132,-17.7246,-24.9577,-17.8109,-24.8048,2,2,0.8661,1.3594,pedestrian
001,17,1,52,30,-27.9131,34.3683,-21.8136,35.0875,-1,-1,1.1010,2.3440,car
001,18,1,6,6,-20.7256,29.4424,-20.7355,29.4420,9,9,0.7869,1.1057,pedestrian
001,19,18,92,75,-25.0858,34.7448,-16.9009,35.0379,-1,6,0.7120,0.7554,people
001,20,27,27,1,36.5741,14.7730,36.5741,14.7730,-1,-1,1.8220,6.3443,van
001,21,32,687,656,49.2125,47.9505,-12.8960,-44.3323,7,8,1.5474,3.5282,car
001,22,45,145,82,-38.5106,2.0448,-33.9421,-6.0543,3,3,0.9936,1.2724,motor
001,23,118,214,54,16.7766,-38.5225,25.9914,-22.4340,-1,2,0.9327,1.2940,motor
001,24,157,162,6,-9.5873,34.8698,-9.1401,34.8683,6,6,1.0459,2.4047,tricycle
001,25,165,185,21,-8.4202,34.8811,-6.0666,34.8786,6,6,0.7299,0.7425,people
001,26,168,215,32,-8.4661,34.9123,-3.9093,34.9077,6,6,1.1876,2.3506,car
001,27,182,183,2,-31.7038,-11.5946,-31.6414,-11.6887,3,3,0.8238,1.4878,motor
001,28,197,236,13,36.5781,14.7833,36.5762,14.7765,-1,-1,1.9283,6.4426,van
001,29,205,205,1,38.6141,0.5874,38.6141,0.5874,12,12,0.7840,1.3184,motor
001,30,213,216,4,-20.7112,29.4178,-20.6900,29.4263,9,9,0.7718,1.1183,pedestrian
001,31,215,216,2,-20.5972,30.1600,-20.5972,30.1545,9,9,0.6901,0.9762,pedestrian
001,32,243,304,62,40.4288,5.5284,44.2278,12.8796,12,12,0.9749,1.3211,motor
001,33,262,263,2,-20.6220,30.1745,-20.6350,30.1745,9,9,0.6657,0.9302,pedestrian
001,34,281,281,1,33.1700,-11.7667,33.1700,-11.7667,11,11,2.0247,2.1885,pedestrian
001,35,291,334,15,6.3778,35.1979,9.0161,35.4095,6,6,1.1617,2.2745,tricycle
001,36,305,576,254,-17.7919,-24.7967,-17.8760,-24.8118,2,2,0.8663,1.3566,pedestrian
001,37,316,416,101,8.7132,35.3435,19.9467,36.8305,6,6,1.2075,2.4855,car
001,38,326,327,2,-20.7306,30.1948,-20.7448,30.1964,9,9,0.7005,0.9629,pedestrian
001,39,340,649,285,37.4159,0.2461,66.5509,45.5461,12,12,1.0065,1.3053,motor
001,40,363,1692,1330,-72.5772,48.9454,63.7129,47.4240,-1,13,1.5360,3.2258,car
001,41,421,633,165,53.0208,28.1027,68.4549,49.4356,12,12,1.1258,1.3021,motor
001,42,422,434,13,-20.7501,30.1990,-20.7370,30.1774,9,9,0.7012,0.9286,pedestrian
001,43,492,699,190,28.7365,38.3701,50.6514,43.6017,7,10,1.0186,2.2593,car
001,44,500,544,45,-55.5865,44.7429,-58.9914,48.9742,-1,9,1.0950,2.6080,car
001,45,529,530,2,33.8556,38.8041,33.9222,38.7816,7,7,0.6889,0.7333,people
001,46,547,884,338,-71.4065,47.9225,-16.3201,-44.2842,-1,4,1.6047,3.9801,car
001,47,554,635,65,41.4514,44.7398,25.9583,37.1751,7,7,0.9581,1.2762,motor
001,48,557,1021,465,-66.9223,47.7852,-13.3185,-44.3199,5,8,1.3035,3.5186,car
001,49,565,672,52,37.7626,39.4170,48.6135,43.0921,7,10,1.2980,2.1940,motor
001,50,574,1559,960,-75.0448,48.5146,-18.3718,-43.9941,3,4,1.1272,1.7346,motor
001,51,587,972,386,-70.8892,47.9231,-15.8803,-44.3883,-1,4,1.4825,3.6121,car
001,52,622,679,58,13.1732,-44.2655,17.8228,-36.7439,-1,-1,0.8935,1.4971,motor
001,53,631,641,11,-17.8790,-24.7864,-17.8931,-24.7950,2,2,0.8618,1.3413,pedestrian
001,54,644,664,3,-20.8371,30.1776,-20.8278,30.1534,9,9,0.6892,0.8610,pedestrian
001,55,674,713,40,16.6743,34.7946,7.9611,33.3300,7,2,0.8782,1.4983,motor
001,56,693,693,1,-17.8924,-24.8842,-17.8924,-24.8842,2,2,0.8911,1.5013,pedestrian
001,57,708,732,25,-20.8260,30.1543,-20.8563,30.1686,9,9,0.6831,0.8887,pedestrian
001,58,714,752,15,21.8451,-29.9391,23.6837,-26.7950,-1,-1,0.8110,1.4460,motor
001,59,722,1740,1019,-71.2254,47.4832,67.4173,47.1109,-1,12,1.5020,3.3802,car
001,60,726,1181,456,-67.0381,48.2741,-13.0812,-44.4860,5,8,1.4404,3.3941,car
001,61,736,736,1,16.5998,-39.3966,16.5998,-39.3966,-1,-1,0.8332,1.1740,pedestrian
001,62,742,1608,847,50.2539,49.3051,-18.1580,-40.6333,7,4,0.8253,1.3604,motor
001,63,751,763,13,-0.5014,31.9862,-3.1929,31.4333,2,2,0.8434,1.5077,motor
001,64,763,1746,984,12.6392,-44.2694,-52.2095,48.9580,-1,-1,1.4747,3.4792,car
001,65,772,886,45,56.1403,44.0153,67.0000,47.0951,13,12,1.2844,2.2367,motor
001,66,791,829,39,57.9502,44.3179,61.9664,45.2620,13,13,1.0245,2.2810,car
001,67,796,810,15,18.3510,-36.3184,18.8111,-35.6446,-1,-1,0.7912,0.9443,pedestrian
001,68,812,1313,476,-13.2217,28.0076,-20.4742,-38.1357,2,4,0.8577,1.4561,motor
001,69,821,1363,533,13.5243,-43.9618,71.0871,49.4022,-1,12,1.0048,1.4023,motor
001,70,833,834,2,30.8456,-14.2967,30.7572,-14.1408,11,2,1.0000,1.2000,motor
001,71,861,1399,539,-70.4258,47.7392,-15.5123,-44.4150,-1,4,1.5409,3.6306,car
001,72,862,902,41,65.7928,46.5996,70.8209,48.9690,12,12,1.0181,2.4277,car
001,73,873,874,2,-20.9086,30.1764,-20.9606,30.1764,9,9,0.6644,0.9795,pedestrian
001,74,900,902,3,36.4262,-4.3984,36.4814,-4.1610,11,11,0.9016,1.1483,pedestrian
001,75,909,1192,267,14.6207,-42.5077,28.5298,-17.4080,-1,2,0.7661,1.3009,motor
001,76,930,1468,539,-71.0424,47.7734,-15.5589,-44.3612,-1,4,1.4509,3.5418,car
001,77,950,1306,357,51.6043,48.0925,-51.8519,48.3740,7,-1,1.4904,3.6241,car
001,78,950,952,3,24.1520,-30.0939,24.2147,-30.0502,11,11,0.6901,1.0563,pedestrian
001,79,976,1013,38,42.1625,6.2722,44.9938,11.4119,11,11,0.8223,1.1049,pedestrian
001,80,1088,1088,1,50.6899,21.7034,50.6899,21.7034,11,11,1.4006,1.6105,pedestrian
001,81,1102,1513,412,-69.6595,47.7873,-14.1895,-44.3824,-1,8,1.5691,4.0819,car
001,82,1104,1381,253,-70.8805,45.7988,-43.7700,17.2574,3,3,0.9919,1.1369,motor
001,83,1146,1203,58,55.3297,29.6492,60.2525,36.8155,11,11,0.9527,1.1316,motor
001,84,1187,1203,17,-19.5023,37.4521,-19.4985,37.4494,6,6,1.2011,1.4670,car
001,85,1191,1201,11,36.5764,14.7779,36.5776,14.7750,-1,-1,1.9694,6.4879,van
001,86,1235,1849,615,-69.6928,47.1261,-16.0004,-43.5327,-1,4,2.0233,4.9174,van
001,87,1286,1286,1,36.5676,14.9216,36.5676,14.9216,-1,-1,1.9397,6.5204,van
001,88,1310,1846,537,-70.6085,47.7283,-12.6994,-44.4402,-1,8,1.3873,3.3403,car
001,89,1311,1313,3,12.4632,-23.2637,12.4627,-23.2645,1,1,0.8239,1.5496,car
001,90,1330,1377,48,39.0318,1.8562,43.8706,11.1444,12,12,0.7608,1.2229,motor
001,91,1335,1565,231,45.0165,47.0251,7.8486,33.8128,7,-1,0.8125,1.2381,motor
001,92,1413,1676,172,-42.1281,13.7615,-32.6672,-9.8996,3,3,0.8106,1.2930,motor
001,93,1415,1935,521,-70.5375,47.8017,-15.7145,-44.4010,-1,4,1.5517,3.6611,car
001,94,1437,1594,158,50.3041,23.5843,72.3056,49.4950,12,12,0.9896,1.1991,motor
001,95,1495,2180,686,10.4772,-44.0983,-52.9217,48.9376,14,-1,1.4969,3.5205,car
001,96,1523,1526,4,36.4295,14.7754,36.5682,14.7790,-1,-1,1.8788,6.3754,van
001,97,1536,1561,26,-19.5053,37.4594,-19.5042,37.4551,6,6,1.1988,1.4530,car
001,98,1568,1568,1,36.5657,14.7808,36.5657,14.7808,-1,-1,1.8930,6.5129,van
001,99,1643,1891,249,-5.7271,33.2287,-47.9355,41.2470,2,9,0.6767,1.2487,motor
001,100,1648,1650,3,-64.8399,42.1673,-64.3557,42.0624,3,3,1.0266,1.4063,motor
001,101,1656,1656,1,61.9787,45.7023,61.9787,45.7023,13,13,1.1566,3.0334,car
001,102,1656,1656,1,-67.3635,46.9863,-67.3635,46.9863,-1,-1,1.1170,3.1746,car
001,103,1656,1656,1,-61.4573,42.9099,-61.4573,42.9099,-1,-1,1.0188,3.0317,car
001,104,1656,1656,1,-51.2856,46.4132,-51.2856,46.4132,9,9,1.0628,3.1789,car
001,105,1665,1769,105,-61.6602,39.5544,-45.7088,20.3245,3,3,1.1024,1.2346,motor
001,106,1668,1694,2,36.5681,14.7820,36.5767,14.7809,-1,-1,1.9563,6.5409,truck
001,107,1689,2263,575,9.4887,-44.0211,-56.8257,48.9246,14,9,1.5376,3.5892,car
001,108,1698,1717,20,-17.8596,-24.8688,-17.7867,-24.8584,2,2,0.8589,1.3518,pedestrian
001,109,1737,2084,305,-31.2646,-11.7544,-5.1359,-29.0262,2,1,0.9913,1.1658,motor
001,110,1789,1799,11,-17.7908,-24.8793,-17.7983,-24.8596,2,2,0.8452,1.3042,pedestrian
001,111,1815,2067,237,-40.7614,10.5812,-17.6900,-44.3007,3,4,0.7888,1.3876,motor
001,112,1836,1842,7,-19.4952,37.4517,-19.4952,37.4419,6,6,1.1981,1.4372,car
001,113,1924,1924,1,-20.9427,30.1725,-20.9427,30.1725,9,9,0.6850,0.8660,pedestrian
001,114,1986,2068,57,-62.0390,45.2149,-73.7357,48.8246,5,-1,0.8937,1.2895,motor
001,115,2050,2050,1,12.4389,-23.2629,12.4389,-23.2629,1,1,0.8292,1.5387,car
001,116,2102,2102,1,36.4275,14.7721,36.4275,14.7721,-1,-1,1.9634,6.5202,truck
001,117,2131,2185,55,14.3514,-43.7428,17.5584,-37.8815,-1,-1,1.1172,1.9695,car
001,118,2171,2171,1,-20.9752,30.1979,-20.9752,30.1979,9,9,0.5333,0.6667,pedestrian
001,119,2181,2182,2,5.4543,-29.5197,5.5780,-29.5156,2,2,0.7562,1.2902,pedestrian
001,120,2204,2207,4,-17.8807,-24.7913,-17.8807,-24.7915,2,2,0.8455,1.3321,pedestrian
001,121,2208,2208,1,-19.4920,37.4404,-19.4920,37.4404,6,6,1.2102,1.4338,car
001,122,2244,2244,1,-19.4989,37.4442,-19.4989,37.4442,6,6,1.1977,1.4194,car
001,123,2249,2249,1,21.2949,-30.5829,21.2949,-30.5829,-1,-1,1.1261,2.0288,car
001,124,2265,2900,636,14.1681,-25.9413,66.7246,45.8252,1,12,1.0330,1.2616,motor
001,125,2276,2983,708,8.3321,-43.9527,-55.2789,49.0401,14,-1,1.4128,3.3364,car
001,126,2285,2379,63,23.6413,-26.0984,29.3534,-15.4533,-1,2,1.1154,1.9560,car
001,127,2318,2680,363,49.4926,47.2821,-52.4537,48.9060,7,-1,1.4823,3.5270,car
001,128,2336,2336,1,25.2299,-25.4648,25.2299,-25.4648,11,11,0.8154,1.3137,motor
001,129,2361,2364,4,36.4301,14.7747,36.5686,14.7813,-1,-1,1.8781,6.4687,van
001,130,2406,2619,214,13.5260,-44.3992,24.8409,-30.0018,-1,11,1.1495,2.4480,car
001,131,2426,2820,395,-71.9673,48.3366,-16.3349,-43.5700,-1,4,1.5476,4.1155,car
001,132,2463,2470,8,-17.8787,-24.7790,-17.9064,-24.7566,2,2,0.8532,1.3518,pedestrian
001,133,2523,2757,158,38.1491,0.9118,48.3923,19.5379,12,12,1.1598,1.9284,car
001,134,2533,2887,355,45.4123,45.7000,-49.9719,47.6691,7,-1,2.2296,7.0135,truck
001,135,2541,3145,605,10.6019,-43.7860,-53.0263,48.9703,14,-1,1.4448,3.5669,car
001,136,2554,2631,54,40.5869,1.9384,45.7379,11.6007,11,11,0.8337,1.2419,motor
001,137,2555,2557,3,-19.5032,37.4560,-19.5021,37.4593,6,6,1.1812,1.4560,car
001,138,2578,2579,2,-17.8579,-24.7877,-17.8576,-24.7768,2,2,0.8695,1.3903,pedestrian
001,139,2614,2705,92,-17.8385,-24.7479,-17.8578,-24.7899,2,2,0.8553,1.3178,pedestrian
001,140,2655,2665,11,36.5699,14.7798,36.5710,14.7766,-1,-1,1.9201,6.4568,van
001,141,2665,3429,765,50.7844,18.4532,-14.2161,-44.3439,11,-1,1.4017,3.2652,car
001,142,2703,2712,10,36.5743,14.7778,36.5732,14.7799,-1,-1,1.8305,6.3525,van
001,143,2761,2762,2,-74.9789,48.4788,-74.8907,48.4463,3,3,1.0123,1.4248,motor
001,144,2763,2763,1,14.4021,-26.9733,14.4021,-26.9733,2,2,1.0458,1.4770,pedestrian
001,145,2787,2973,100,-69.4811,45.0643,-54.8874,31.4554,3,3,1.0038,1.1750,pedestrian
001,146,2788,3359,572,12.0738,-44.1069,-52.7255,48.9398,-1,-1,1.3522,3.6671,car
001,147,2791,2899,109,56.0060,31.0080,65.4079,43.3079,11,11,1.0688,1.1933,motor
001,148,2811,2813,3,14.3470,-26.9328,14.3545,-26.9424,2,2,1.1866,1.5447,pedestrian
001,149,2845,3460,589,-67.5175,43.4021,-25.6018,-24.5660,3,4,1.0110,1.2991,motor
001,150,2854,3202,349,10.6884,-43.9246,64.7852,46.3454,14,12,1.2953,3.3157,car
001,151,2871,3072,202,54.9460,30.6220,68.2587,46.1356,12,11,1.1049,2.1078,car
001,152,2882,3389,508,49.8392,46.5814,-12.8604,-44.3851,10,8,1.4266,3.3966,car
001,153,2884,2884,1,-17.8435,-24.7465,-17.8435,-24.7465,2,2,0.8556,1.3249,pedestrian
001,154,2915,3216,302,-66.9247,48.1545,-13.2611,-44.3791,5,8,1.3950,3.6573,car
001,155,2971,2984,14,-17.7244,-24.8060,-17.7412,-24.8040,2,2,0.8212,1.2660,pedestrian
001,156,2975,3562,588,12.4725,-43.6965,-55.1623,49.0989,-1,-1,1.4298,3.6924,car
001,157,2991,2992,2,12.6273,-23.2773,12.6254,-23.2779,1,1,0.8047,1.4455,car
001,158,3019,3106,41,-51.2697,27.3246,-46.6608,20.7500,3,3,0.9348,1.1021,motor
001,159,3034,3034,1,12.6302,-23.2792,12.6302,-23.2792,1,1,0.8168,1.4845,car
001,160,3066,3595,530,47.2442,46.8915,-14.3242,-44.2120,7,8,1.3936,3.5255,car
001,161,3127,3941,815,50.4118,46.7627,-15.4353,-44.4343,10,4,1.4186,3.5262,car
001,162,3139,3139,1,36.5685,14.7751,36.5685,14.7751,-1,-1,1.8855,6.4494,van
001,163,3147,3709,519,-67.1567,49.4237,-6.5297,-25.3527,5,1,1.5302,2.0928,motor
001,164,3152,3274,62,-44.2111,17.1234,-39.8468,6.9236,3,3,0.8257,1.1432,motor
001,165,3167,3858,588,11.9300,-40.5354,-53.3925,49.8817,14,-1,0.8696,1.3458,motor
001,166,3174,3985,812,52.3108,46.6824,-12.3010,-44.4671,10,8,1.5550,3.6874,car
001,167,3179,3207,12,-17.8191,-24.7604,-17.8318,-24.7336,2,2,0.8431,1.3057,pedestrian
001,168,3208,3550,343,-71.9728,48.0491,-15.9909,-44.3224,-1,4,1.5316,3.7983,car
001,169,3238,3253,16,12.4756,-23.2477,12.4768,-23.2496,1,1,0.7871,1.4903,car
001,170,3239,3299,38,-17.8414,-24.7166,-17.8121,-24.7278,2,2,0.8202,1.3174,pedestrian
001,171,3296,3657,362,46.2323,46.8374,-51.8799,48.8715,7,-1,1.4031,3.6250,car
001,172,3303,3793,491,11.6069,-43.3892,-56.2740,48.6893,-1,9,1.6742,3.7006,car
001,173,3305,3322,18,12.4821,-23.2644,12.5831,-23.2630,1,1,0.8080,1.4847,car
001,174,3319,3319,1,-37.9722,2.9691,-37.9722,2.9691,3,3,0.7838,1.1473,motor
001,175,3371,3397,27,-36.2454,-1.4372,-35.3080,-3.6021,3,3,0.7028,1.1169,motor
001,176,3404,3519,75,-17.8370,-24.7249,-17.8217,-24.7469,2,2,0.8268,1.2761,pedestrian
001,177,3493,3567,58,-23.3541,-30.1931,-19.6933,-42.4701,4,3,0.7122,1.4274,motor
001,178,3507,4073,567,-67.9027,48.5884,-15.6782,-44.3699,5,4,1.4398,3.1807,car
001,179,3542,3542,1,-19.4944,37.4656,-19.4944,37.4656,6,6,1.0656,1.4417,car
001,180,3556,3559,4,36.5730,14.7750,36.5729,14.7741,-1,-1,1.8980,6.4427,van
001,181,3558,3563,6,-17.8116,-24.7615,-17.8246,-24.7347,2,2,0.8116,1.2722,pedestrian
001,182,3607,3646,16,-17.8356,-24.7271,-17.8304,-24.7248,2,2,0.8398,1.2917,pedestrian
001,183,3722,4393,672,10.3213,-43.7735,-54.4745,48.9139,14,-1,1.4159,3.4690,car
001,184,3724,4218,495,-72.6386,48.6390,-16.4612,-43.8816,-1,4,1.3605,3.2683,car
001,185,3741,3761,21,-17.8359,-24.7236,-17.8208,-24.7237,2,2,0.8571,1.2764,pedestrian
001,186,3742,3893,129,-0.6771,-26.3364,24.8023,-17.0586,1,2,1.0983,2.4904,car
001,187,3745,4141,397,-66.2557,48.2602,-13.1507,-44.2389,5,8,1.4695,3.6963,car
001,188,3815,4307,493,-72.1907,48.3645,-15.7385,-43.5652,-1,4,1.5423,4.0927,car
001,189,3838,3842,5,36.5798,14.7730,36.5797,14.7743,-1,-1,1.9908,6.6040,truck
001,190,3854,3854,1,-17.7694,-24.7505,-17.7694,-24.7505,2,2,0.8058,1.2229,pedestrian
001,191,3865,4017,90,20.2424,-20.8217,37.8377,1.9330,1,12,1.7503,2.1541,motor
001,192,3916,4438,523,-71.3865,48.2678,-15.8393,-43.1823,-1,4,1.6654,4.6146,van
001,193,3936,3952,17,29.5544,-11.4282,31.3692,-8.9545,2,2,1.0139,2.3640,car
001,194,3937,4716,780,-64.3269,47.0193,64.0057,44.1771,5,12,2.2508,6.3850,van
001,195,3948,4809,862,49.9227,46.3615,-14.7184,-44.0088,10,4,1.3995,3.5724,car
001,196,3984,4647,664,51.9959,46.2328,-41.1891,7.4406,10,3,1.3974,3.5569,car
001,197,4001,4018,18,36.5797,14.7739,36.5805,14.7730,-1,-1,1.9738,6.4522,van
001,198,4005,4069,65,36.7854,-0.1279,42.8351,11.1958,12,12,1.0537,2.4174,car
001,199,4014,4317,304,12.2306,-43.7913,64.4782,46.1099,-1,12,1.3814,3.2672,car
001,200,4022,4024,3,-17.8212,-24.7469,-17.8349,-24.7468,2,2,0.8320,1.2499,pedestrian
001,201,4023,4545,523,-72.4684,48.5471,-16.1712,-44.1404,-1,4,1.4594,3.8136,car
001,202,4055,4192,54,42.4011,10.4825,54.8070,31.9625,12,12,1.6576,2.1887,tricycle
001,203,4056,4057,2,41.8029,9.1621,41.8911,9.3646,12,12,0.7527,0.8991,people
001,204,4075,4109,6,36.5797,14.7747,36.5840,14.7739,-1,-1,1.9420,6.4280,van
001,205,4107,4653,547,-72.8006,48.5199,-17.9343,-43.9390,-1,4,1.4773,3.7937,car
001,206,4123,4362,195,66.1498,43.7920,51.5981,21.4894,11,11,1.2491,1.5275,motor
001,207,4165,4266,85,52.6735,28.5508,64.7422,43.5462,12,12,0.9860,2.2885,car
001,208,4211,4559,349,11.5591,-44.0779,66.4111,45.8497,-1,12,1.5083,3.6255,car
001,209,4226,4247,22,-19.4928,37.4546,-19.4939,37.4478,6,6,1.1242,1.4754,car
001,210,4247,4261,15,62.1004,40.9456,64.0695,42.9345,12,12,1.9150,1.9865,tricycle
001,211,4258,4280,6,36.5798,14.7717,36.5767,14.7705,-1,-1,1.9113,6.5142,truck
001,212,4305,4305,1,54.5730,27.9974,54.5730,27.9974,11,11,0.9333,1.2889,people
001,213,4337,5112,758,45.7709,46.8662,-40.6447,6.7125,7,3,0.8483,1.1994,motor
001,214,4373,4375,3,-17.8360,-24.7286,-17.8150,-24.7237,2,2,0.8297,1.2758,pedestrian
001,215,4374,6928,2555,-20.3718,-43.6464,-40.0272,3.9664,3,3,1.0405,2.3811,car
001,216,4402,4437,10,-49.5087,49.6632,-47.5618,48.5576,6,6,1.0350,1.2705,motor
001,217,4434,4434,1,-17.8357,-24.7296,-17.8357,-24.7296,2,2,0.8478,1.2402,pedestrian
001,218,4478,4479,2,-20.9096,30.2643,-20.9094,30.2643,9,9,0.4840,0.7105,pedestrian
001,219,4488,4512,9,14.4220,-27.0294,14.4022,-27.0319,2,2,1.1833,1.5188,pedestrian
001,220,4513,4521,9,5.4954,-44.0917,5.4969,-44.2503,-1,-1,1.2799,1.9843,pedestrian
001,221,4527,4551,9,-41.0481,44.9118,-40.2364,44.5409,6,6,0.9117,1.2186,motor
001,222,4532,4536,5,-19.4848,37.4524,-19.4843,37.4519,6,6,1.1252,1.5212,car
001,223,4552,4554,3,14.4251,-27.0387,14.4226,-27.0241,2,2,1.1922,1.5163,pedestrian
001,224,4568,4568,1,-20.8831,29.4361,-20.8831,29.4361,9,9,0.6955,1.0053,pedestrian
001,225,4569,4622,35,38.8463,-1.9891,36.2735,-6.6886,11,11,1.1634,1.7753,motor
001,226,4607,4614,8,36.5736,14.7739,36.5726,14.7733,-1,-1,1.9053,6.4769,van
001,227,4647,4653,7,36.5740,14.7734,36.5713,14.7752,-1,-1,1.8536,6.5063,van
001,228,4696,5418,707,15.6350,-43.0065,27.7405,14.2554,-1,2,1.3158,2.1943,tricycle
001,229,4706,5056,351,11.8412,-44.0194,62.4240,45.8306,-1,12,1.4067,3.2997,car
001,230,4739,5623,885,8.2651,-44.0559,-53.5200,48.9180,14,-1,1.5760,3.5071,car
001,231,4745,5119,375,-70.4064,48.2018,-15.1712,-44.2716,-1,4,1.5089,3.6842,car
001,232,4745,4762,18,29.3699,38.7621,25.8152,37.3352,7,7,0.8566,1.2653,motor
001,233,4772,5527,756,-72.3181,48.5136,65.3388,45.7432,-1,12,1.5128,3.7058,car
001,234,4807,4807,1,26.1172,-25.7452,26.1172,-25.7452,11,11,1.1436,1.7630,motor
001,235,4851,4851,1,23.8649,-29.9763,23.8649,-29.9763,11,11,1.1481,1.7490,tricycle
001,236,4894,6047,1154,11.8097,-44.0845,-49.9742,48.7734,-1,-1,1.5407,3.3427,car
001,237,4927,5976,1050,-69.4095,48.3692,61.7734,46.0120,-1,13,1.5628,3.5447,car
001,238,4946,4946,1,18.6184,-39.3666,18.6184,-39.3666,11,11,1.1326,1.7014,awning-tricycle
001,239,4968,5139,172,-15.7534,24.2176,-29.5337,2.2995,1,1,0.9697,1.2988,motor
001,240,4979,5060,53,-28.1056,38.8909,-32.9874,40.6527,6,6,1.1660,2.7138,car
001,241,4980,5045,47,-47.7279,22.6283,-42.6738,11.6990,3,3,0.9526,1.2454,motor
001,242,5007,5417,411,-68.8481,48.4152,-14.9397,-44.1963,5,4,1.4041,3.5689,car
001,243,5012,5768,757,10.7235,-43.7847,-52.4809,48.7785,14,-1,1.5235,3.5751,car
001,244,5032,5045,14,-66.1070,43.9602,-63.1217,41.5982,-1,-1,1.3264,1.6247,motor
001,245,5041,5041,1,14.5303,23.2056,14.5303,23.2056,1,1,0.9360,0.9709,motor
001,246,5078,5082,5,-67.9627,49.8257,-67.2873,49.6162,5,5,0.8943,1.3780,motor
001,247,5087,5105,19,-37.7064,0.7252,-35.8486,-2.9824,3,3,0.8538,1.2579,motor
001,248,5116,5117,2,10.4389,27.4810,10.3594,27.5629,1,1,1.0272,1.0301,motor
001,249,5125,5225,82,-49.1529,27.3627,-37.8736,8.0605,-1,-1,1.0677,1.3632,motor
001,250,5149,5169,21,20.7592,-30.5194,22.0892,-28.4429,-1,-1,0.9727,1.5942,motor
001,251,5155,5155,1,8.4795,29.6938,8.4795,29.6938,2,2,0.9660,1.0494,motor
001,252,5156,5156,1,14.0691,-26.7694,14.0691,-26.7694,2,2,1.2117,1.4852,pedestrian
001,253,5163,5163,1,30.2078,-12.4055,30.2078,-12.4055,2,2,0.6667,1.0222,people
001,254,5167,5454,264,-54.1134,45.6106,-14.7791,34.9219,9,6,0.7523,1.1510,motor
001,255,5173,5175,3,-30.0795,-3.8556,-30.0940,-4.2492,-1,-1,0.7598,1.5239,motor
001,256,5175,5176,2,30.2725,-11.9229,30.2711,-11.8976,2,2,1.0114,2.1616,car
001,257,5192,5225,34,14.0545,-26.7725,14.0669,-26.7475,2,2,1.1542,1.4919,pedestrian
001,258,5199,5200,2,6.2101,31.9931,6.1607,32.0380,2,2,0.9297,1.0009,motor
001,259,5207,5251,15,-29.4983,-10.4722,-27.2615,-19.6332,2,2,0.7329,1.4801,motor
001,260,5222,5898,677,45.2321,46.0924,-13.2623,-42.7070,7,8,2.1312,7.5408,truck
001,261,5269,5270,2,-20.5024,-37.6031,-20.4483,-37.8084,4,4,0.7544,1.3613,motor
001,262,5286,5290,5,14.0350,-26.7023,14.0458,-26.7129,2,2,1.1432,1.4557,pedestrian
001,263,5305,5410,66,-29.5434,-5.2999,-17.0674,-20.8318,1,1,1.0051,1.1742,motor
001,264,5340,5443,104,14.0224,-26.6944,14.0437,-26.7017,2,2,1.1481,1.4786,pedestrian
001,265,5344,5386,27,-21.4510,-33.7496,-18.7758,-40.8599,4,4,0.7856,1.4755,motor
001,266,5361,6086,688,45.0730,47.0573,-50.2299,49.9162,7,6,1.0392,1.6914,motor
001,267,5387,6162,776,-72.3003,48.6855,-16.7054,-43.9695,-1,4,1.4381,3.5991,car
001,268,5404,5460,57,28.0918,12.9121,25.8376,17.8792,2,2,0.9564,2.1078,car
001,269,5445,5455,11,34.3064,41.3453,33.0731,40.7060,7,7,0.8249,1.8100,car
001,270,5453,5796,344,-8.3276,-25.7473,44.1276,12.9226,1,12,0.8468,1.1498,motor
001,271,5458,5463,6,-13.6930,35.7982,-14.0540,35.8332,6,6,0.5624,1.1600,motor
001,272,5460,5462,3,44.1563,47.0590,43.8844,46.9259,-1,-1,1.0233,1.4311,motor
001,273,5465,5574,91,25.6885,18.2032,20.6335,25.0316,2,2,1.6795,1.9417,tricycle
001,274,5474,6013,540,-71.9620,48.5700,-16.3415,-43.4561,-1,4,1.4194,3.2890,car
001,275,5485,5489,5,14.0739,-26.7063,14.0916,-26.7037,2,2,1.1723,1.4754,pedestrian
001,276,5503,5503,1,38.8466,43.8791,38.8466,43.8791,-1,-1,1.0327,1.3112,motor
001,277,5512,5540,29,23.3787,21.5954,22.0734,23.2882,2,2,0.9565,2.0935,car
001,278,5512,6398,887,-66.6906,48.3555,66.4046,45.6252,5,12,1.5301,3.6226,car
001,279,5517,5545,29,-7.3730,34.9097,-4.5098,35.1652,6,6,0.6083,0.8658,motor
001,280,5550,6100,487,32.8618,40.8904,-31.0421,8.4604,6,2,0.8335,1.2666,motor
001,281,5585,5619,35,20.0882,25.5796,18.5008,27.1863,2,2,0.9562,2.0907,car
001,282,5593,6079,487,11.5350,-44.0874,66.4630,45.8575,-1,12,1.4645,3.4674,car
001,283,5598,5648,51,14.0603,-26.7100,14.1031,-26.7218,2,2,1.1297,1.4751,pedestrian
001,284,5599,5826,132,-25.4193,37.8341,-42.8335,45.5301,6,6,0.6970,1.1414,motor
001,285,5602,6070,469,-70.4902,48.2799,-13.7347,-43.8775,-1,8,1.4166,3.3019,car
001,286,5642,6401,719,45.0157,46.9328,-30.1702,-10.2754,7,2,0.8882,1.2853,motor
001,287,5674,5778,69,15.4698,29.7380,7.4802,33.4980,2,2,1.0009,2.1639,car
001,288,5703,5793,48,57.2537,35.7701,63.0479,45.4475,12,12,1.0574,1.4675,motor
001,289,5724,6005,232,11.6686,31.9411,-21.2864,35.8988,2,-1,1.0394,2.0738,tricycle
001,290,5748,6258,511,-71.5521,48.3667,-16.1355,-44.0975,-1,4,1.3998,3.4931,car
001,291,5763,5773,11,8.6056,33.2008,7.6784,33.4536,2,2,0.7224,0.7871,people
001,292,5765,5768,4,14.2235,-26.7993,14.2235,-26.7932,2,2,1.1556,1.4591,pedestrian
001,293,5778,5779,2,-41.4848,29.0725,-41.4777,29.0771,-1,-1,1.2661,3.2504,car
001,294,5817,6504,688,10.2134,-43.8566,-52.6207,48.8798,14,-1,1.5610,3.4971,car
001,295,5821,5857,7,14.2051,-26.7923,14.2115,-26.7940,2,2,1.1033,1.4603,pedestrian
001,296,5845,5902,41,50.0481,23.6491,58.2376,36.6475,12,12,1.0356,1.3800,motor
001,297,5857,6234,378,-71.0679,48.0013,-13.1324,-44.1743,-1,8,1.5493,3.8451,car
001,298,5859,5859,1,16.4605,-41.8648,16.4605,-41.8648,11,11,1.3428,1.4593,pedestrian
001,299,5864,5869,6,-3.2442,34.3711,-3.8776,34.3724,6,6,1.0797,2.2247,car
001,300,5941,6029,70,11.4205,-40.5107,18.3608,-26.1411,14,2,0.9410,1.5829,motor
001,301,5942,5943,2,65.3179,43.8262,65.5186,44.0033,11,11,1.3556,2.9778,motor
001,302,5943,5944,2,-41.4798,29.0722,-41.4825,29.0707,-1,-1,1.2357,3.2642,car
001,303,5957,6414,458,49.5208,46.3750,-13.3299,-43.9388,-1,8,1.5129,3.5549,car
001,304,5962,6041,38,14.1833,-26.8142,14.0654,-26.7699,2,2,1.0854,1.4537,pedestrian
001,305,5985,6164,180,45.4495,47.0586,20.4484,36.6879,7,6,0.8264,1.2315,motor
001,306,6008,6391,384,-69.7990,47.2033,-16.4493,-42.9626,-1,4,2.1616,6.8144,truck
001,307,6010,6253,181,-21.7949,36.1133,-51.7388,49.5337,6,-1,0.9810,1.9473,car
001,308,6046,6047,2,-26.3517,37.4814,-26.4667,37.5117,6,6,1.1919,1.9380,tricycle
001,309,6059,6406,348,47.4334,46.3206,-54.9655,48.9482,7,-1,1.4358,3.9803,car
001,310,6085,6848,752,23.1475,-16.4968,-54.4759,49.6252,1,-1,0.8107,1.3359,motor
001,311,6112,6243,62,14.0347,-26.7065,14.0286,-26.7057,2,2,1.1117,1.4375,pedestrian
001,312,6128,6629,502,-71.7521,48.3849,-15.2822,-44.2082,-1,4,1.4855,3.5898,car
001,313,6130,6558,429,51.2416,46.5058,-52.5447,48.3538,10,-1,1.8320,4.6320,van
001,314,6147,6226,80,45.5428,47.1544,31.5505,40.5347,7,6,1.0079,1.4078,motor
001,315,6175,6700,526,51.8997,46.5106,-12.5179,-44.0995,10,8,1.4019,3.4874,car
001,316,6188,6338,151,-31.9818,4.3502,-31.5844,-11.0730,2,3,0.6057,1.2736,motor
001,317,6189,6259,50,-44.3228,45.3332,-52.4595,49.8352,-1,-1,1.4664,1.9389,motor
001,318,6193,6857,665,44.5030,47.2415,-52.4068,49.8625,-1,-1,0.8983,1.3892,motor
001,319,6216,6692,477,-71.4780,48.2831,-15.6467,-44.2773,-1,4,1.4571,3.6769,car
001,320,6218,6593,376,12.1869,-43.5600,65.9624,45.5955,-1,12,1.5251,3.2854,car
001,321,6268,6296,10,24.6018,38.3813,19.1350,36.9810,6,6,0.7906,1.3918,motor
001,322,6270,6546,260,4.5738,34.7829,-33.6379,40.6179,6,6,0.7088,1.3397,motor
001,323,6321,6833,513,49.8433,46.2651,-13.3891,-44.1185,10,8,1.5692,3.4916,car
001,324,6335,6433,77,14.0690,-26.7467,14.2013,-26.8380,2,2,1.0732,1.4494,pedestrian
001,325,6376,6378,3,7.4150,35.3532,7.1634,35.3402,6,6,0.7389,1.4265,motor
001,326,6437,6439,3,-28.5979,-15.4345,-28.5033,-15.7280,2,2,0.7547,1.2935,motor
001,327,6440,6458,19,29.9598,-8.9085,29.5434,-7.6962,2,2,0.8139,1.3886,pedestrian
001,328,6459,6460,2,19.2959,30.7364,19.2942,30.7419,10,10,1.2140,1.5621,pedestrian
001,329,6488,6492,5,14.1478,-26.8132,14.1441,-26.7939,2,2,1.0197,1.4098,pedestrian
001,330,6512,6514,3,19.3439,30.7618,19.3387,30.7616,10,10,1.2148,1.4759,pedestrian
001,331,6532,6587,31,14.1454,-26.8200,14.1550,-26.8293,2,2,1.0443,1.4485,pedestrian
001,332,6565,6587,23,-27.3014,-26.9773,-27.3012,-26.9795,3,3,1.1602,2.2244,car
001,333,6576,6626,30,26.5470,4.6626,25.0172,8.5227,1,1,0.7437,1.2871,motor
001,334,6591,6688,77,-39.7175,43.2856,-51.8334,49.6462,-1,-1,0.9691,1.2544,motor
001,335,6759,6777,19,14.2394,-26.7932,14.2380,-26.8043,2,2,1.0555,1.4724,pedestrian
001,336,6778,7154,377,9.6675,-43.7436,61.8421,45.7778,14,13,1.5232,3.4524,car
001,337,6801,7201,401,46.6452,46.9012,-52.3179,48.9504,7,-1,1.4932,3.5042,car
001,338,6859,7205,347,11.8919,-43.5447,66.3181,45.6643,-1,12,1.3881,2.3018,car
001,339,6965,7048,45,4.8372,27.3877,0.0495,29.7437,1,-1,0.8430,1.1681,motor
001,340,6973,7312,340,-66.6017,48.2169,-12.2095,-44.2295,5,8,1.5540,3.7828,car
001,341,6973,7267,295,-72.0290,48.1077,-15.5740,-43.9104,-1,4,1.5337,3.6359,car
001,342,7081,7119,39,-3.8791,31.4401,-7.9450,32.7781,2,2,0.8134,1.2726,motor
001,343,7090,7704,615,51.3766,46.4448,-12.8246,-44.3928,10,8,1.5085,3.5396,car
001,344,7157,7204,18,-12.3240,33.9350,-17.0999,35.0749,-1,6,0.7197,1.2792,motor
001,345,7180,7180,1,62.6630,38.9336,62.6630,38.9336,11,11,0.8885,0.9477,pedestrian
001,346,7183,7741,533,45.1694,46.8617,-31.0703,0.2667,7,2,0.8379,1.1976,motor
001,347,7205,7206,2,14.3110,-26.9248,14.3112,-26.9244,2,2,1.0582,1.4602,pedestrian
001,348,7248,7260,13,-22.7105,36.3436,-24.0230,36.7340,6,6,0.7302,1.2733,motor
001,349,7283,7298,16,61.4572,39.3538,63.9141,42.0429,11,11,1.1390,1.3660,motor
001,350,7310,7478,144,47.4035,44.3016,10.9342,31.6710,10,2,2.2773,11.4696,freight_car
001,351,7325,7466,120,-30.7983,38.9870,-44.0070,45.3183,-1,-1,0.8378,1.2426,motor
001,352,7354,7354,1,19.4578,30.7449,19.4578,30.7449,10,10,1.1447,1.4704,pedestrian
001,353,7385,8105,721,51.5347,46.2208,-12.7285,-44.3673,10,8,1.4570,3.2219,car
001,354,7387,8226,840,-66.2953,48.2130,65.7122,44.7897,5,12,1.6791,3.7096,car
001,355,7430,7472,23,-38.5080,8.5523,-32.5273,-2.5251,-1,2,0.9169,1.1459,pedestrian
001,356,7431,8078,648,11.0916,-43.9414,-52.2509,48.9929,-1,-1,1.4781,3.2217,car
001,357,7434,7434,1,12.4531,-23.4169,12.4531,-23.4169,1,1,0.8165,1.4565,car
001,358,7472,7472,1,39.2574,44.0928,39.2574,44.0928,-1,-1,1.0001,1.2760,motor
001,359,7473,7474,2,-32.3561,-2.7738,-32.2393,-2.9930,2,2,0.9103,1.1193,pedestrian
001,360,7475,7482,8,-32.0839,-3.2529,-31.1905,-4.8060,2,2,0.9101,1.1075,pedestrian
001,361,7479,7553,75,8.2002,31.3913,-7.2946,31.4662,2,2,2.3791,10.9198,bus
001,362,7483,7530,15,-32.2402,-3.2082,-24.4908,-15.0022,2,1,0.9097,1.1596,pedestrian
001,363,7492,7773,282,47.0502,46.6150,17.9838,37.3280,7,6,1.5612,3.9505,car
001,364,7510,8050,541,-72.1488,48.5076,-16.3743,-43.2598,-1,4,1.4186,3.5767,car
001,365,7515,7549,15,14.2981,-26.9938,14.2693,-26.9937,2,2,1.0298,1.5143,pedestrian
001,366,7531,7574,44,-24.3410,-15.1692,-17.4572,-22.5340,1,1,0.9052,1.1589,motor
001,367,7554,7627,74,-9.8143,31.4421,-24.6076,34.0003,2,-1,2.2520,11.1671,bus
001,368,7582,7596,15,19.3991,30.7348,19.4304,30.7036,10,10,1.1824,1.5075,pedestrian
001,369,7584,8592,1009,-65.5674,47.6969,65.8865,44.3244,5,11,2.2807,6.3531,van
001,370,7602,8119,518,-71.3795,48.3364,-16.5989,-44.0850,-1,4,1.5284,3.9682,car
001,371,7628,7752,106,-27.3101,34.5254,-52.1585,45.9796,-1,9,2.2990,11.6776,freight_car
001,372,7631,7675,28,19.4025,30.7172,19.4148,30.7272,10,10,1.1370,1.4652,pedestrian
001,373,7660,7660,1,59.1476,35.4227,59.1476,35.4227,11,11,1.0475,1.2560,motor
001,374,7691,7693,3,-43.3179,40.5346,-43.5374,40.8999,9,9,3.3772,4.0944,tricycle
001,375,7696,7748,44,6.8579,-30.1051,16.3647,-26.2598,2,2,1.8043,2.5543,pedestrian
001,376,7701,7702,2,32.7803,-11.8435,32.6987,-11.8365,11,11,1.6941,2.0242,pedestrian
001,377,7718,8292,575,9.2892,-43.7903,-52.8447,48.9261,14,-1,1.5559,3.5117,car
001,378,7730,7730,1,35.8298,-6.1901,35.8298,-6.1901,11,11,0.9851,1.3123,pedestrian
001,379,7756,8100,345,12.0159,-43.7128,66.1986,45.2902,-1,12,1.3939,3.1978,car
001,380,7768,7828,61,20.0600,-22.8099,29.4737,-13.4483,2,2,1.0748,1.1648,motor
001,381,7768,7867,82,-30.7446,-3.7512,-26.1631,-21.5377,2,2,0.6784,1.3175,motor
001,382,7776,7778,3,40.7701,2.6844,40.9923,3.0581,11,11,0.9392,1.3321,pedestrian
001,383,7811,7954,126,9.0566,34.6003,-3.2248,27.3860,6,1,1.0110,1.1787,motor
001,384,7840,7842,3,19.3775,30.7469,19.3625,30.7646,10,10,1.2065,1.4894,pedestrian
001,385,7846,7846,1,22.0825,-28.4209,22.0825,-28.4209,-1,-1,0.7084,1.0599,people
001,386,7848,7851,4,45.4541,46.8718,45.1355,46.6788,7,7,1.4441,2.6943,motor
001,387,7861,7944,84,43.4557,46.0124,30.0005,39.3445,7,-1,1.1914,2.8574,car
001,388,7892,8018,65,19.4921,30.7561,19.5604,30.6787,10,10,1.1889,1.4353,pedestrian
001,389,7910,7955,46,40.1150,2.5689,45.4323,12.0955,11,11,0.8673,1.2342,motor
001,390,7916,7992,77,-22.8782,-30.2509,-17.8376,-43.4698,4,4,0.7854,1.3102,pedestrian
001,391,7930,8277,348,-69.6521,47.9917,-13.2823,-44.1479,-1,8,1.6249,4.0829,car
001,392,7963,7971,9,31.7879,-11.7444,32.5324,-10.5994,2,2,0.9326,1.2684,pedestrian
001,393,7965,7967,3,61.8579,38.4538,62.1650,38.7754,11,11,1.0922,1.1473,motor
001,394,7972,7996,25,25.2603,37.6467,21.0013,36.4834,6,6,1.5683,2.8357,tricycle
001,395,7987,8123,137,5.4730,-44.2348,5.4538,-44.2199,-1,-1,1.2936,2.2945,pedestrian
001,396,7993,8634,642,48.3501,45.6318,-13.3404,-44.5028,10,8,1.4338,3.4190,car
001,397,8017,8085,49,53.4476,25.3326,61.4631,37.6523,11,11,1.0195,1.2485,motor
001,398,8041,8409,351,13.0772,34.8634,-51.9479,49.0690,6,-1,1.2055,2.8837,car
001,399,8054,8397,344,-71.9837,48.0520,-15.3366,-44.3375,-1,4,1.6157,3.7628,car
001,400,8064,8065,2,-27.0223,-27.2484,-27.0208,-27.2502,3,3,1.2006,2.4217,car
001,401,8072,8116,45,41.2072,3.8064,44.5547,10.2873,11,11,0.8416,1.1447,motor
001,402,8086,8089,4,4.9054,33.7713,4.3767,33.7088,6,6,1.2627,2.7875,tricycle
001,403,8163,8169,7,-9.2049,33.6770,-10.3253,33.7653,6,6,1.4157,2.7941,tricycle
001,404,8173,8312,104,19.4475,30.7078,19.4672,30.7241,10,10,1.1602,1.4701,pedestrian
001,405,8190,8205,16,50.5174,21.0372,51.8573,23.1016,11,11,1.0636,1.3295,motor
001,406,8201,8710,510,48.4252,46.1253,-53.3537,48.8571,7,-1,1.5250,3.6925,car
001,407,8228,8598,371,39.2604,43.9005,-14.2417,23.4059,7,1,0.8915,1.3228,motor
001,408,8244,8249,6,-26.8432,4.3993,-26.9866,3.9877,1,1,0.8581,1.0976,people
001,409,8254,8344,44,56.0465,30.2067,64.5740,42.5936,11,11,0.9476,1.1646,motor
001,410,8273,8709,437,-71.4078,48.3767,-16.0392,-44.4177,-1,4,1.4745,3.6025,car
001,411,8386,8533,122,19.4498,30.7443,19.4376,30.7202,10,10,1.1111,1.4281,pedestrian
001,412,8391,8437,47,-28.5742,-12.9444,-27.0417,-19.0982,2,2,0.7561,1.3194,motor
001,413,8403,8771,335,34.6771,41.1754,-21.8336,19.9564,7,1,0.8485,1.2403,motor
001,414,8427,8427,1,-37.6297,-0.3298,-37.6297,-0.3298,3,3,0.8711,1.2655,pedestrian
001,415,8451,8455,5,-2.7583,35.2239,-2.7577,35.2237,6,6,0.5827,1.3278,motor
001,416,8501,8502,2,22.4387,-18.7144,22.5233,-18.4619,1,1,1.3640,3.3770,pedestrian
001,417,8560,8560,1,26.3402,-3.1199,26.3402,-3.1199,1,1,0.6932,1.2545,pedestrian
001,418,8567,8745,116,19.4751,30.6872,19.3085,30.7571,10,10,1.1924,1.4909,pedestrian
001,419,8597,8753,157,45.0503,46.2503,16.6081,34.5691,7,7,0.8977,1.1249,motor
001,420,8608,8608,1,25.8936,7.5725,25.8936,7.5725,1,1,0.6635,1.0784,people
001,421,8659,8659,1,20.4113,17.0649,20.4113,17.0649,1,1,1.0926,1.2687,pedestrian
001,422,8691,8691,1,14.2671,-26.8627,14.2671,-26.8627,2,2,1.0610,1.4418,pedestrian
001,423,8695,8696,2,42.0453,8.1714,42.1527,8.4753,12,12,1.3314,3.2702,car
001,424,8708,8735,28,-25.5916,10.3785,-26.7845,6.2482,1,1,0.7608,1.3440,motor
001,425,8723,9021,299,9.7124,-43.7206,63.9715,44.5294,14,12,1.6403,3.4308,car
001,426,8732,8916,139,6.6800,26.8570,-42.1683,43.2209,1,-1,0.8231,1.2409,motor
001,427,8766,9016,251,-3.2803,35.2001,-26.7686,17.5662,6,2,0.8838,1.2833,motor
001,428,8770,8772,3,24.4113,-23.9851,24.5472,-23.8030,2,2,0.8246,1.1095,motor
001,429,8787,8964,178,-27.8155,-1.9231,-23.1459,-29.1165,1,4,0.7118,1.3347,motor
001,430,8791,8814,24,9.4653,32.8678,5.1064,31.7731,2,2,0.7541,1.0905,motor
001,431,8792,8814,23,-24.0767,17.1871,-26.6372,15.4667,1,2,1.2952,2.9012,car
001,432,8802,8809,8,19.3256,30.7609,19.3245,30.7583,10,10,1.1939,1.4563,pedestrian
001,433,8815,8831,17,14.1971,-26.9494,14.1976,-26.9491,2,2,1.0210,1.5102,pedestrian
001,434,8855,8856,2,-31.1019,12.2021,-31.1089,12.0429,2,2,1.2249,2.6741,car
001,435,8861,8884,9,59.6290,36.7984,63.4822,41.3154,11,11,1.5954,3.1062,pedestrian
001,436,8871,8876,6,14.2031,-26.9490,14.2006,-26.9490,2,2,1.0167,1.5103,pedestrian
001,437,8877,8946,70,-6.8800,28.2337,-18.6410,21.0807,1,1,0.8451,1.0697,motor
001,438,8878,9021,144,-70.6220,47.9214,-39.2364,11.6739,-1,-1,1.6538,4.7569,van
001,439,8893,8921,29,-35.0212,9.1305,-38.2819,7.0612,-1,-1,1.3150,2.9171,car
001,440,8912,8913,2,19.2711,30.7298,19.2711,30.7243,10,10,1.1765,1.5763,pedestrian
001,441,8967,9018,52,19.2599,30.7847,19.2877,30.7786,10,10,1.1937,1.4654,pedestrian
001,442,8980,8981,2,36.6256,4.9012,36.6703,5.0326,13,13,1.4006,3.1593,pedestrian
001,443,8982,8982,1,36.7389,5.7937,36.7389,5.7937,13,13,1.2444,1.8222,pedestrian
001,444,9010,9021,12,-25.5624,10.7114,-26.2429,8.7396,1,1,0.7231,1.1254,motor
