dataset_id,version,raw_object_id,final_object_id,class_name_mode,start_frame,end_frame,total_frames,mean_confidence,is_kept,is_filtered,filter_type,filter_reason,fragmentation_group_id,quality_score
cao_qiao_001,moving_filtered,1,1,car,0,955,956,0.7427,true,false,,,,710.0569
cao_qiao_001,moving_filtered,2,2,car,0,575,576,0.7560,true,false,,,,435.4655
cao_qiao_001,moving_filtered,3,,car,0,9021,9022,0.7193,false,true,static_gate,"low_displacement,low_stationary_extent,low_mean_speed,high_static_ratio",,6489.3749
cao_qiao_001,moving_filtered,4,3,car,0,206,207,0.7530,true,false,,,,155.8757
cao_qiao_001,moving_filtered,5,,car,0,9021,9011,0.5808,false,true,static_gate,"low_displacement,low_stationary_extent,low_mean_speed,high_static_ratio",,5233.2512
cao_qiao_001,moving_filtered,6,,car,0,95,96,0.7278,false,true,short_track_filter,track_duration_too_short,,69.8717
cao_qiao_001,moving_filtered,7,,car,0,15,16,0.7214,false,true,short_track_filter,track_duration_too_short,,11.5430
cao_qiao_001,moving_filtered,8,4,car,0,259,260,0.7377,true,false,,,,191.8126
cao_qiao_001,moving_filtered,9,,car,0,114,115,0.7460,false,true,short_track_filter,track_duration_too_short,,85.7912
cao_qiao_001,moving_filtered,10,5,car,0,465,463,0.6899,true,false,,,,319.4068
cao_qiao_001,moving_filtered,11,,car,0,9021,9022,0.6424,false,true,static_gate,"low_displacement,low_stationary_extent,low_mean_speed,high_static_ratio",,5796.0132
cao_qiao_001,moving_filtered,12,6,truck,0,266,267,0.7080,true,false,,,,189.0354
cao_qiao_001,moving_filtered,13,,van,0,9021,9022,0.6726,false,true,static_gate,"low_displacement,low_stationary_extent,low_mean_speed,high_static_ratio",,6068.2701
cao_qiao_001,moving_filtered,14,,car,0,9021,9022,0.5941,false,true,static_gate,"low_displacement,low_stationary_extent,low_mean_speed,high_static_ratio",,5359.6900
cao_qiao_001,moving_filtered,15,,car,0,9021,9022,0.5941,false,true,static_gate,"low_displacement,low_stationary_extent,low_mean_speed,high_static_ratio",,5359.5784
cao_qiao_001,moving_filtered,16,,car,0,5635,5636,0.5502,false,true,static_gate,"low_stationary_extent,low_mean_speed,high_static_ratio",,3101.0373
cao_qiao_001,moving_filtered,17,,car,0,5779,5682,0.4513,false,true,static_gate,"low_displacement,low_stationary_extent,low_mean_speed,high_static_ratio",,2564.0194
cao_qiao_001,moving_filtered,18,,car,0,5673,5583,0.4591,false,true,static_gate,"low_displacement,low_stationary_extent,low_mean_speed,high_static_ratio",,2563.3136
cao_qiao_001,moving_filtered,19,,car,0,694,657,0.3905,false,true,static_gate,"low_displacement,low_stationary_extent,low_mean_speed,high_static_ratio",,256.5397
cao_qiao_001,moving_filtered,20,,car,0,117,54,0.3593,false,true,missing_ratio_filter,missing_ratio_exceeded,,19.4027
cao_qiao_001,moving_filtered,27,,car,1,52,26,0.5217,false,true,missing_ratio_filter,missing_ratio_exceeded,,13.5651
cao_qiao_001,moving_filtered,30,,van,27,27,1,0.3035,false,true,short_track_filter,track_duration_too_short,,0.3035
cao_qiao_001,moving_filtered,31,9,car,32,687,656,0.7440,true,false,,,,488.0747
cao_qiao_001,moving_filtered,40,,car,168,215,20,0.4045,false,true,missing_ratio_filter,missing_ratio_exceeded,,8.0891
cao_qiao_001,moving_filtered,41,,car,219,535,185,0.3737,false,true,missing_ratio_filter,missing_ratio_exceeded,,69.1346
cao_qiao_001,moving_filtered,42,,van,197,236,7,0.3175,false,true,missing_ratio_filter,missing_ratio_exceeded,,2.2223
cao_qiao_001,moving_filtered,53,,car,316,699,193,0.5233,false,true,missing_ratio_filter,missing_ratio_exceeded,,100.9971
cao_qiao_001,moving_filtered,57,12,car,363,1692,1330,0.7605,true,false,,,,1011.4149
cao_qiao_001,moving_filtered,67,,car,500,544,39,0.5235,false,true,short_track_filter,track_duration_too_short,,20.4163
cao_qiao_001,moving_filtered,72,14,car,547,884,338,0.7351,true,false,,,,248.4692
cao_qiao_001,moving_filtered,74,15,car,557,1021,465,0.7316,true,false,,,,340.1770
cao_qiao_001,moving_filtered,78,,car,594,651,24,0.3475,false,true,missing_ratio_filter,missing_ratio_exceeded,,8.3411
cao_qiao_001,moving_filtered,79,17,car,587,972,386,0.7838,true,false,,,,302.5295
cao_qiao_001,moving_filtered,92,18,car,722,1740,1019,0.7532,true,false,,,,767.4694
cao_qiao_001,moving_filtered,93,19,car,726,1181,456,0.7833,true,false,,,,357.1873
cao_qiao_001,moving_filtered,98,21,car,763,1746,984,0.7665,true,false,,,,754.2734
cao_qiao_001,moving_filtered,100,,car,791,902,41,0.5695,false,true,missing_ratio_filter,missing_ratio_exceeded,,23.3484
cao_qiao_001,moving_filtered,109,,car,856,1253,160,0.3638,false,true,missing_ratio_filter,missing_ratio_exceeded,,58.2006
cao_qiao_001,moving_filtered,110,24,car,861,1399,539,0.7846,true,false,,,,422.8804
cao_qiao_001,moving_filtered,114,26,car,930,1468,539,0.7742,true,false,,,,417.2892
cao_qiao_001,moving_filtered,117,27,car,950,1306,357,0.7753,true,false,,,,276.7744
cao_qiao_001,moving_filtered,125,28,car,1102,1513,412,0.7472,true,false,,,,307.8602
cao_qiao_001,moving_filtered,129,,van,1126,1286,31,0.3251,false,true,missing_ratio_filter,missing_ratio_exceeded,,10.0785
cao_qiao_001,moving_filtered,131,,car,1187,1203,14,0.3205,false,true,short_track_filter,track_duration_too_short,,4.4872
cao_qiao_001,moving_filtered,134,29,van,1235,1849,611,0.6749,true,false,,,,412.3585
cao_qiao_001,moving_filtered,138,,car,1311,1313,3,0.3691,false,true,short_track_filter,track_duration_too_short,,1.1073
cao_qiao_001,moving_filtered,139,30,car,1310,1846,537,0.7719,true,false,,,,414.5355
cao_qiao_001,moving_filtered,146,,car,1384,1716,103,0.3594,false,true,missing_ratio_filter,missing_ratio_exceeded,,37.0231
cao_qiao_001,moving_filtered,148,31,car,1415,1935,521,0.7797,true,false,,,,406.2276
cao_qiao_001,moving_filtered,152,33,car,1495,2180,686,0.7686,true,false,,,,527.2926
cao_qiao_001,moving_filtered,153,,van,1523,1568,5,0.3133,false,true,missing_ratio_filter,missing_ratio_exceeded,,1.5663
cao_qiao_001,moving_filtered,155,,car,1536,1561,23,0.3287,false,true,short_track_filter,track_duration_too_short,,7.5610
cao_qiao_001,moving_filtered,164,,car,1656,1656,1,0.6007,false,true,short_track_filter,track_duration_too_short,,0.6007
cao_qiao_001,moving_filtered,165,,car,1656,1656,1,0.4367,false,true,short_track_filter,track_duration_too_short,,0.4367
cao_qiao_001,moving_filtered,166,,car,1656,1656,1,0.3707,false,true,short_track_filter,track_duration_too_short,,0.3707
cao_qiao_001,moving_filtered,168,,car,1656,1656,1,0.4854,false,true,short_track_filter,track_duration_too_short,,0.4854
cao_qiao_001,moving_filtered,178,,van,1668,1694,2,0.3161,false,true,missing_ratio_filter,missing_ratio_exceeded,,0.6322
cao_qiao_001,moving_filtered,179,35,car,1689,2263,575,0.7710,true,false,,,,443.3433
cao_qiao_001,moving_filtered,184,,car,1793,4367,1354,0.3648,false,true,missing_ratio_filter,missing_ratio_exceeded,,493.9828
cao_qiao_001,moving_filtered,187,,van,1825,1876,12,0.3187,false,true,missing_ratio_filter,missing_ratio_exceeded,,3.8248
cao_qiao_001,moving_filtered,188,,car,1836,1842,4,0.3079,false,true,missing_ratio_filter,missing_ratio_exceeded,,1.2316
cao_qiao_001,moving_filtered,196,,truck,2102,2102,1,0.3087,false,true,short_track_filter,track_duration_too_short,,0.3087
cao_qiao_001,moving_filtered,198,,car,2131,2185,30,0.3850,false,true,missing_ratio_filter,missing_ratio_exceeded,,11.5513
cao_qiao_001,moving_filtered,199,,van,2154,2364,58,0.3331,false,true,missing_ratio_filter,missing_ratio_exceeded,,19.3182
cao_qiao_001,moving_filtered,205,,car,2208,2244,2,0.3122,false,true,missing_ratio_filter,missing_ratio_exceeded,,0.6243
cao_qiao_001,moving_filtered,207,,car,2249,2379,45,0.3831,false,true,missing_ratio_filter,missing_ratio_exceeded,,17.2403
cao_qiao_001,moving_filtered,210,38,car,2276,2983,708,0.7619,true,false,,,,539.4306
cao_qiao_001,moving_filtered,214,39,car,2318,2680,363,0.7405,true,false,,,,268.7896
cao_qiao_001,moving_filtered,219,40,car,2406,2619,200,0.5196,true,false,,,,103.9105
cao_qiao_001,moving_filtered,220,,van,2442,2493,19,0.3321,false,true,missing_ratio_filter,missing_ratio_exceeded,,6.3091
cao_qiao_001,moving_filtered,221,41,car,2426,2820,395,0.7713,true,false,,,,304.6818
cao_qiao_001,moving_filtered,225,,car,2523,2757,115,0.3942,false,true,missing_ratio_filter,missing_ratio_exceeded,,45.3336
cao_qiao_001,moving_filtered,226,42,truck,2533,2887,355,0.6906,true,false,,,,245.1567
cao_qiao_001,moving_filtered,227,43,car,2541,3145,605,0.7473,true,false,,,,452.1139
cao_qiao_001,moving_filtered,232,,car,2555,2557,3,0.3084,false,true,short_track_filter,track_duration_too_short,,0.9253
cao_qiao_001,moving_filtered,237,,van,2655,2712,11,0.3307,false,true,missing_ratio_filter,missing_ratio_exceeded,,3.6377
cao_qiao_001,moving_filtered,238,44,car,2665,3429,765,0.7079,true,false,,,,541.5267
cao_qiao_001,moving_filtered,243,45,car,2788,3359,572,0.7488,true,false,,,,428.3072
cao_qiao_001,moving_filtered,249,47,car,2854,3202,349,0.7309,true,false,,,,255.0749
cao_qiao_001,moving_filtered,251,48,car,2871,3072,198,0.4822,true,false,,,,95.4796
cao_qiao_001,moving_filtered,252,49,car,2882,3389,508,0.7213,true,false,,,,366.4312
cao_qiao_001,moving_filtered,255,50,car,2915,3216,302,0.7005,true,false,,,,211.5516
cao_qiao_001,moving_filtered,258,51,car,2975,3562,588,0.7429,true,false,,,,436.8521
cao_qiao_001,moving_filtered,261,52,car,3066,3595,530,0.7084,true,false,,,,375.4417
cao_qiao_001,moving_filtered,263,,van,3139,3139,1,0.3139,false,true,short_track_filter,track_duration_too_short,,0.3139
cao_qiao_001,moving_filtered,266,53,car,3127,3941,815,0.7566,true,false,,,,616.6667
cao_qiao_001,moving_filtered,271,56,car,3174,3985,812,0.7434,true,false,,,,603.6374
cao_qiao_001,moving_filtered,272,57,car,3208,3550,343,0.7744,true,false,,,,265.6247
cao_qiao_001,moving_filtered,276,58,car,3296,3657,362,0.7182,true,false,,,,259.9876
cao_qiao_001,moving_filtered,277,59,car,3303,3793,491,0.7457,true,false,,,,366.1241
cao_qiao_001,moving_filtered,285,,van,3556,3559,4,0.3186,false,true,short_track_filter,track_duration_too_short,,1.2745
cao_qiao_001,moving_filtered,286,60,car,3507,4073,567,0.7764,true,false,,,,440.1958
cao_qiao_001,moving_filtered,288,,car,3542,3542,1,0.3039,false,true,short_track_filter,track_duration_too_short,,0.3039
cao_qiao_001,moving_filtered,301,61,car,3722,4393,672,0.7164,true,false,,,,481.4440
cao_qiao_001,moving_filtered,302,62,car,3724,4218,495,0.7271,true,false,,,,359.9381
cao_qiao_001,moving_filtered,303,,car,3742,4069,132,0.4462,false,true,missing_ratio_filter,missing_ratio_exceeded,,58.9045
cao_qiao_001,moving_filtered,304,,van,3749,3842,38,0.3186,false,true,missing_ratio_filter,missing_ratio_exceeded,,12.1072
cao_qiao_001,moving_filtered,305,63,car,3745,4141,397,0.7190,true,false,,,,285.4417
cao_qiao_001,moving_filtered,309,64,car,3815,4307,493,0.7770,true,false,,,,383.0512
cao_qiao_001,moving_filtered,315,65,van,3916,4438,523,0.6812,true,false,,,,356.2915
cao_qiao_001,moving_filtered,318,66,van,3937,4716,780,0.6358,true,false,,,,495.9260
cao_qiao_001,moving_filtered,320,67,car,3948,4809,862,0.7325,true,false,,,,631.3750
cao_qiao_001,moving_filtered,323,68,car,3984,4647,664,0.7292,true,false,,,,484.1687
cao_qiao_001,moving_filtered,324,,van,4001,4109,9,0.3231,false,true,missing_ratio_filter,missing_ratio_exceeded,,2.9080
cao_qiao_001,moving_filtered,326,69,car,4014,4317,304,0.7439,true,false,,,,226.1422
cao_qiao_001,moving_filtered,328,70,car,4023,4545,520,0.7227,true,false,,,,375.7988
cao_qiao_001,moving_filtered,332,71,car,4107,4653,547,0.7326,true,false,,,,400.7260
cao_qiao_001,moving_filtered,339,,car,4165,4266,43,0.5098,false,true,missing_ratio_filter,missing_ratio_exceeded,,21.9214
cao_qiao_001,moving_filtered,345,73,car,4211,4559,349,0.7022,true,false,,,,245.0740
cao_qiao_001,moving_filtered,346,,car,4226,4247,16,0.3139,false,true,short_track_filter,track_duration_too_short,,5.0227
cao_qiao_001,moving_filtered,349,,truck,4258,4423,29,0.3229,false,true,missing_ratio_filter,missing_ratio_exceeded,,9.3646
cao_qiao_001,moving_filtered,355,75,car,4374,6928,2523,0.5977,true,false,,,,1507.9485
cao_qiao_001,moving_filtered,358,,car,4429,5080,472,0.3619,false,true,static_gate,"low_displacement,low_path_length,low_stationary_extent,low_mean_speed,high_static_ratio",,170.7967
cao_qiao_001,moving_filtered,369,,car,4532,4536,5,0.3067,false,true,short_track_filter,track_duration_too_short,,1.5337
cao_qiao_001,moving_filtered,375,,van,4607,4653,15,0.3312,false,true,missing_ratio_filter,missing_ratio_exceeded,,4.9686
cao_qiao_001,moving_filtered,381,77,car,4706,5056,351,0.7086,true,false,,,,248.7325
cao_qiao_001,moving_filtered,385,78,car,4739,5623,885,0.7669,true,false,,,,678.6736
cao_qiao_001,moving_filtered,386,79,car,4745,5119,375,0.7757,true,false,,,,290.8885
cao_qiao_001,moving_filtered,387,80,car,4772,5527,756,0.7436,true,false,,,,562.1553
cao_qiao_001,moving_filtered,391,,van,4880,4922,43,0.3378,false,true,short_track_filter,track_duration_too_short,,14.5251
cao_qiao_001,moving_filtered,395,81,car,4894,6047,1154,0.7645,true,false,,,,882.1859
cao_qiao_001,moving_filtered,402,82,car,4927,5976,1050,0.7565,true,false,,,,794.3484
cao_qiao_001,moving_filtered,409,,car,4979,5060,40,0.4224,false,true,missing_ratio_filter,missing_ratio_exceeded,,16.8958
cao_qiao_001,moving_filtered,412,83,car,5007,5417,411,0.7828,true,false,,,,321.7379
cao_qiao_001,moving_filtered,413,84,car,5012,5768,757,0.7346,true,false,,,,556.0651
cao_qiao_001,moving_filtered,434,,car,5175,5176,2,0.4553,false,true,short_track_filter,track_duration_too_short,,0.9107
cao_qiao_001,moving_filtered,438,86,truck,5222,5898,677,0.6063,true,false,,,,410.4502
cao_qiao_001,moving_filtered,454,88,car,5387,6162,776,0.7562,true,false,,,,586.8338
cao_qiao_001,moving_filtered,456,,car,5404,5778,108,0.4991,false,true,missing_ratio_filter,missing_ratio_exceeded,,53.9022
cao_qiao_001,moving_filtered,458,,car,5445,5455,6,0.3419,false,true,missing_ratio_filter,missing_ratio_exceeded,,2.0511
cao_qiao_001,moving_filtered,461,89,car,5474,6013,540,0.7111,true,false,,,,384.0012
cao_qiao_001,moving_filtered,467,90,car,5512,6398,887,0.7285,true,false,,,,646.1621
cao_qiao_001,moving_filtered,471,91,car,5593,6079,487,0.7482,true,false,,,,364.3649
cao_qiao_001,moving_filtered,473,92,car,5602,6070,469,0.6883,true,false,,,,322.8259
cao_qiao_001,moving_filtered,479,,car,5725,5894,94,0.3398,false,true,missing_ratio_filter,missing_ratio_exceeded,,31.9444
cao_qiao_001,moving_filtered,482,94,car,5748,6258,511,0.7523,true,false,,,,384.4074
cao_qiao_001,moving_filtered,489,95,car,5817,6504,688,0.7694,true,false,,,,529.3757
cao_qiao_001,moving_filtered,490,96,car,5857,6234,378,0.7203,true,false,,,,272.2906
cao_qiao_001,moving_filtered,492,,car,5864,5869,2,0.4539,false,true,missing_ratio_filter,missing_ratio_exceeded,,0.9079
cao_qiao_001,moving_filtered,505,,car,5943,5944,2,0.3268,false,true,short_track_filter,track_duration_too_short,,0.6536
cao_qiao_001,moving_filtered,507,97,car,5957,6414,458,0.7011,true,false,,,,321.0918
cao_qiao_001,moving_filtered,511,98,truck,6008,6391,378,0.6389,true,false,,,,241.5041
cao_qiao_001,moving_filtered,512,,car,6010,6253,87,0.4127,false,true,missing_ratio_filter,missing_ratio_exceeded,,35.9045
cao_qiao_001,moving_filtered,514,,car,6020,6152,65,0.3591,false,true,missing_ratio_filter,missing_ratio_exceeded,,23.3394
cao_qiao_001,moving_filtered,517,99,car,6059,6406,348,0.7416,true,false,,,,258.0692
cao_qiao_001,moving_filtered,526,101,car,6128,6629,502,0.7271,true,false,,,,365.0096
cao_qiao_001,moving_filtered,527,102,van,6130,6558,429,0.7626,true,false,,,,327.1497
cao_qiao_001,moving_filtered,533,103,car,6175,6700,526,0.7118,true,false,,,,374.4288
cao_qiao_001,moving_filtered,536,,car,6201,6249,22,0.3233,false,true,missing_ratio_filter,missing_ratio_exceeded,,7.1128
cao_qiao_001,moving_filtered,537,104,car,6216,6692,477,0.7349,true,false,,,,350.5530
cao_qiao_001,moving_filtered,538,105,car,6218,6593,376,0.7327,true,false,,,,275.4832
cao_qiao_001,moving_filtered,544,107,car,6321,6833,513,0.7629,true,false,,,,391.3783
cao_qiao_001,moving_filtered,559,,car,6565,6587,7,0.3517,false,true,missing_ratio_filter,missing_ratio_exceeded,,2.4619
cao_qiao_001,moving_filtered,566,,car,6653,6932,58,0.3164,false,true,missing_ratio_filter,missing_ratio_exceeded,,18.3515
cao_qiao_001,moving_filtered,574,108,car,6778,7154,377,0.7139,true,false,,,,269.1470
cao_qiao_001,moving_filtered,576,109,car,6801,7201,401,0.7729,true,false,,,,309.9375
cao_qiao_001,moving_filtered,577,110,car,6859,7205,347,0.5331,true,false,,,,184.9990
cao_qiao_001,moving_filtered,582,111,car,6973,7312,340,0.7086,true,false,,,,240.9254
cao_qiao_001,moving_filtered,583,112,car,6973,7267,295,0.7189,true,false,,,,212.0836
cao_qiao_001,moving_filtered,593,113,car,7090,7704,615,0.7543,true,false,,,,463.8671
cao_qiao_001,moving_filtered,604,115,freight_car,7310,7752,375,0.6086,true,false,,,,228.2405
cao_qiao_001,moving_filtered,618,116,car,7385,8105,721,0.7364,true,false,,,,530.9158
cao_qiao_001,moving_filtered,619,117,car,7387,8226,840,0.6888,true,false,,,,578.6180
cao_qiao_001,moving_filtered,624,118,car,7431,8078,648,0.7389,true,false,,,,478.8392
cao_qiao_001,moving_filtered,625,,car,7434,7434,1,0.3135,false,true,short_track_filter,track_duration_too_short,,0.3135
cao_qiao_001,moving_filtered,632,119,car,7492,7773,282,0.7426,true,false,,,,209.4080
cao_qiao_001,moving_filtered,633,120,car,7510,8050,541,0.6693,true,false,,,,362.0712
cao_qiao_001,moving_filtered,646,121,van,7584,8592,976,0.5349,true,false,,,,522.0828
cao_qiao_001,moving_filtered,648,122,car,7602,8119,518,0.7097,true,false,,,,367.6347
cao_qiao_001,moving_filtered,666,123,car,7718,8292,575,0.7584,true,false,,,,436.1081
cao_qiao_001,moving_filtered,673,124,car,7756,8100,345,0.7077,true,false,,,,244.1660
cao_qiao_001,moving_filtered,683,,car,7861,7944,81,0.5101,false,true,short_track_filter,track_duration_too_short,,41.3163
cao_qiao_001,moving_filtered,695,125,car,7930,8277,348,0.6263,true,false,,,,217.9441
cao_qiao_001,moving_filtered,701,,car,8002,8072,41,0.3250,false,true,missing_ratio_filter,missing_ratio_exceeded,,13.3245
cao_qiao_001,moving_filtered,709,126,car,7993,8634,642,0.7266,true,false,,,,466.4879
cao_qiao_001,moving_filtered,711,127,car,8041,8409,287,0.5661,true,false,,,,162.4624
cao_qiao_001,moving_filtered,713,,car,8064,8065,2,0.3218,false,true,short_track_filter,track_duration_too_short,,0.6436
cao_qiao_001,moving_filtered,718,128,car,8054,8397,344,0.7293,true,false,,,,250.8932
cao_qiao_001,moving_filtered,727,129,car,8201,8710,510,0.7581,true,false,,,,386.6440
cao_qiao_001,moving_filtered,735,131,car,8273,8709,437,0.7038,true,false,,,,307.5490
cao_qiao_001,moving_filtered,737,,car,8299,8393,35,0.3271,false,true,missing_ratio_filter,missing_ratio_exceeded,,11.4482
cao_qiao_001,moving_filtered,780,,car,8695,8696,2,0.3242,false,true,short_track_filter,track_duration_too_short,,0.6483
cao_qiao_001,moving_filtered,787,133,car,8723,9021,299,0.7376,true,false,,,,220.5560
cao_qiao_001,moving_filtered,793,,car,8792,8921,23,0.3658,false,true,missing_ratio_filter,missing_ratio_exceeded,,8.4132
cao_qiao_001,moving_filtered,802,,van,8878,9021,144,0.6784,false,true,short_track_filter,track_duration_too_short,,97.6834
cao_qiao_001,moving_filtered,100021,,pedestrian,0,6,7,0.5234,false,true,short_track_filter,track_duration_too_short,,3.6641
cao_qiao_001,moving_filtered,100022,7,motor,0,517,444,0.5434,true,false,,,,241.2649
cao_qiao_001,moving_filtered,100023,8,people,0,92,93,0.5187,true,false,,,,48.2413
cao_qiao_001,moving_filtered,100024,,motor,0,304,68,0.5270,false,true,missing_ratio_filter,missing_ratio_exceeded,,35.8394
cao_qiao_001,moving_filtered,100025,,tricycle,0,107,45,0.4687,false,true,missing_ratio_filter,missing_ratio_exceeded,,21.0925
cao_qiao_001,moving_filtered,100026,,pedestrian,0,131,77,0.4788,false,true,missing_ratio_filter,missing_ratio_exceeded,,36.8697
cao_qiao_001,moving_filtered,100028,,pedestrian,1,6,5,0.4567,false,true,short_track_filter,track_duration_too_short,,2.2833
cao_qiao_001,moving_filtered,100032,,motor,45,183,81,0.5456,false,true,missing_ratio_filter,missing_ratio_exceeded,,44.1934
cao_qiao_001,moving_filtered,100035,,motor,118,214,43,0.4294,false,true,missing_ratio_filter,missing_ratio_exceeded,,18.4657
cao_qiao_001,moving_filtered,100038,,tricycle,157,162,6,0.4173,false,true,short_track_filter,track_duration_too_short,,2.5036
cao_qiao_001,moving_filtered,100039,,people,165,185,3,0.4067,false,true,missing_ratio_filter,missing_ratio_exceeded,,1.2201
cao_qiao_001,moving_filtered,100043,,pedestrian,215,327,6,0.4219,false,true,missing_ratio_filter,missing_ratio_exceeded,,2.5316
cao_qiao_001,moving_filtered,100044,,pedestrian,213,216,4,0.4241,false,true,short_track_filter,track_duration_too_short,,1.6964
cao_qiao_001,moving_filtered,100045,10,pedestrian,305,576,182,0.4820,true,false,,,,87.7281
cao_qiao_001,moving_filtered,100049,,pedestrian,281,281,1,0.5079,false,true,short_track_filter,track_duration_too_short,,0.5079
cao_qiao_001,moving_filtered,100052,11,motor,340,649,237,0.5458,true,false,,,,129.3608
cao_qiao_001,moving_filtered,100054,,tricycle,291,334,9,0.4471,false,true,missing_ratio_filter,missing_ratio_exceeded,,4.0240
cao_qiao_001,moving_filtered,100060,13,motor,421,633,153,0.5433,true,false,,,,83.1216
cao_qiao_001,moving_filtered,100061,,pedestrian,422,434,7,0.4550,false,true,missing_ratio_filter,missing_ratio_exceeded,,3.1847
cao_qiao_001,moving_filtered,100071,,people,529,530,2,0.4934,false,true,short_track_filter,track_duration_too_short,,0.9868
cao_qiao_001,moving_filtered,100073,,motor,554,763,74,0.4668,false,true,missing_ratio_filter,missing_ratio_exceeded,,34.5448
cao_qiao_001,moving_filtered,100076,,motor,565,672,21,0.6536,false,true,missing_ratio_filter,missing_ratio_exceeded,,13.7251
cao_qiao_001,moving_filtered,100077,16,motor,574,1559,921,0.6050,true,false,,,,557.2113
cao_qiao_001,moving_filtered,100083,,motor,622,902,75,0.4396,false,true,missing_ratio_filter,missing_ratio_exceeded,,32.9730
cao_qiao_001,moving_filtered,100084,,pedestrian,631,693,12,0.5070,false,true,missing_ratio_filter,missing_ratio_exceeded,,6.0835
cao_qiao_001,moving_filtered,100086,,pedestrian,644,732,10,0.4282,false,true,missing_ratio_filter,missing_ratio_exceeded,,4.2820
cao_qiao_001,moving_filtered,100094,,pedestrian,736,736,1,0.4680,false,true,short_track_filter,track_duration_too_short,,0.4680
cao_qiao_001,moving_filtered,100095,20,motor,742,1608,801,0.5501,true,false,,,,440.6222
cao_qiao_001,moving_filtered,100099,,motor,772,886,38,0.6210,false,true,missing_ratio_filter,missing_ratio_exceeded,,23.5972
cao_qiao_001,moving_filtered,100101,,pedestrian,796,810,15,0.5132,false,true,short_track_filter,track_duration_too_short,,7.6980
cao_qiao_001,moving_filtered,100103,22,motor,812,1313,424,0.5311,true,false,,,,225.2027
cao_qiao_001,moving_filtered,100106,23,motor,821,1363,481,0.5211,true,false,,,,250.6352
cao_qiao_001,moving_filtered,100111,,pedestrian,873,874,2,0.4328,false,true,short_track_filter,track_duration_too_short,,0.8656
cao_qiao_001,moving_filtered,100112,25,motor,909,1192,204,0.5298,true,false,,,,108.0760
cao_qiao_001,moving_filtered,100116,,pedestrian,950,952,3,0.3833,false,true,short_track_filter,track_duration_too_short,,1.1500
cao_qiao_001,moving_filtered,100119,,pedestrian,976,1013,10,0.4649,false,true,missing_ratio_filter,missing_ratio_exceeded,,4.6493
cao_qiao_001,moving_filtered,100124,,pedestrian,1088,1088,1,0.3753,false,true,short_track_filter,track_duration_too_short,,0.3753
cao_qiao_001,moving_filtered,100126,,motor,1104,1676,320,0.4996,false,true,missing_ratio_filter,missing_ratio_exceeded,,159.8593
cao_qiao_001,moving_filtered,100130,,motor,1146,1203,38,0.4445,false,true,short_track_filter,track_duration_too_short,,16.8901
cao_qiao_001,moving_filtered,100142,,motor,1330,1377,24,0.4141,false,true,missing_ratio_filter,missing_ratio_exceeded,,9.9375
cao_qiao_001,moving_filtered,100143,,motor,1335,1565,203,0.5891,false,true,fragmentation_filter,suspected_id_fragmentation_drop_all_related_tracklets,fg_0001,119.5862
cao_qiao_001,moving_filtered,100150,32,motor,1437,1594,120,0.4955,true,false,,,,59.4623
cao_qiao_001,moving_filtered,100162,,motor,1648,1650,3,0.4941,false,true,short_track_filter,track_duration_too_short,,1.4824
cao_qiao_001,moving_filtered,100163,,motor,1643,1891,225,0.4967,false,true,fragmentation_filter,suspected_id_fragmentation_drop_all_related_tracklets,fg_0001,111.7542
cao_qiao_001,moving_filtered,100176,34,motor,1665,2067,300,0.5440,true,false,,,,163.1858
cao_qiao_001,moving_filtered,100181,,pedestrian,1698,1717,4,0.4184,false,true,missing_ratio_filter,missing_ratio_exceeded,,1.6736
cao_qiao_001,moving_filtered,100183,36,motor,1737,2084,262,0.4823,true,false,,,,126.3671
cao_qiao_001,moving_filtered,100185,,pedestrian,1789,1799,3,0.4362,false,true,missing_ratio_filter,missing_ratio_exceeded,,1.3085
cao_qiao_001,moving_filtered,100191,,pedestrian,1924,1924,1,0.4553,false,true,short_track_filter,track_duration_too_short,,0.4553
cao_qiao_001,moving_filtered,100194,,motor,1986,2068,28,0.4176,false,true,missing_ratio_filter,missing_ratio_exceeded,,11.6925
cao_qiao_001,moving_filtered,100200,,pedestrian,2171,2171,1,0.3625,false,true,short_track_filter,track_duration_too_short,,0.3625
cao_qiao_001,moving_filtered,100202,,pedestrian,2181,2182,2,0.4624,false,true,short_track_filter,track_duration_too_short,,0.9248
cao_qiao_001,moving_filtered,100203,,pedestrian,2204,2207,4,0.4035,false,true,short_track_filter,track_duration_too_short,,1.6141
cao_qiao_001,moving_filtered,100209,37,motor,2265,2900,611,0.6112,true,false,,,,373.4154
cao_qiao_001,moving_filtered,100215,,motor,2336,2336,1,0.3722,false,true,short_track_filter,track_duration_too_short,,0.3722
cao_qiao_001,moving_filtered,100223,,pedestrian,2463,2470,8,0.4452,false,true,short_track_filter,track_duration_too_short,,3.5617
cao_qiao_001,moving_filtered,100229,,pedestrian,2578,2705,63,0.5013,false,true,missing_ratio_filter,missing_ratio_exceeded,,31.5836
cao_qiao_001,moving_filtered,100231,,motor,2554,2631,41,0.4533,false,true,missing_ratio_filter,missing_ratio_exceeded,,18.5871
cao_qiao_001,moving_filtered,100239,,motor,2761,2762,2,0.4129,false,true,short_track_filter,track_duration_too_short,,0.8258
cao_qiao_001,moving_filtered,100240,,pedestrian,2763,2813,4,0.3810,false,true,missing_ratio_filter,missing_ratio_exceeded,,1.5240
cao_qiao_001,moving_filtered,100241,,motor,2787,3397,129,0.4632,false,true,missing_ratio_filter,missing_ratio_exceeded,,59.7489
cao_qiao_001,moving_filtered,100244,,motor,2791,2899,101,0.5273,false,true,short_track_filter,track_duration_too_short,,53.2554
cao_qiao_001,moving_filtered,100246,46,motor,2845,3567,526,0.5531,true,false,,,,290.9467
cao_qiao_001,moving_filtered,100250,,pedestrian,2884,2984,4,0.4156,false,true,missing_ratio_filter,missing_ratio_exceeded,,1.6625
cao_qiao_001,moving_filtered,100265,,pedestrian,3179,3299,41,0.4650,false,true,missing_ratio_filter,missing_ratio_exceeded,,19.0632
cao_qiao_001,moving_filtered,100267,54,motor,3147,3709,439,0.5358,true,false,,,,235.1985
cao_qiao_001,moving_filtered,100269,55,motor,3167,3858,520,0.5321,true,false,,,,276.7080
cao_qiao_001,moving_filtered,100281,,pedestrian,3404,3646,50,0.4595,false,true,missing_ratio_filter,missing_ratio_exceeded,,22.9742
cao_qiao_001,moving_filtered,100297,,pedestrian,3741,3761,10,0.4562,false,true,missing_ratio_filter,missing_ratio_exceeded,,4.5620
cao_qiao_001,moving_filtered,100313,,tricycle,3865,4261,75,0.4699,false,true,missing_ratio_filter,missing_ratio_exceeded,,35.2423
cao_qiao_001,moving_filtered,100314,,pedestrian,3854,3854,1,0.3806,false,true,short_track_filter,track_duration_too_short,,0.3806
cao_qiao_001,moving_filtered,100327,,pedestrian,4022,4024,3,0.4623,false,true,short_track_filter,track_duration_too_short,,1.3869
cao_qiao_001,moving_filtered,100331,,people,4056,4057,2,0.3997,false,true,short_track_filter,track_duration_too_short,,0.7994
cao_qiao_001,moving_filtered,100336,72,motor,4123,4362,149,0.5421,true,false,,,,80.7656
cao_qiao_001,moving_filtered,100351,,people,4305,4305,1,0.4522,false,true,short_track_filter,track_duration_too_short,,0.4522
cao_qiao_001,moving_filtered,100353,74,motor,4337,5112,732,0.5909,true,false,,,,432.5187
cao_qiao_001,moving_filtered,100354,,pedestrian,4373,4434,4,0.4949,false,true,missing_ratio_filter,missing_ratio_exceeded,,1.9796
cao_qiao_001,moving_filtered,100357,,motor,4402,4551,14,0.4274,false,true,missing_ratio_filter,missing_ratio_exceeded,,5.9843
cao_qiao_001,moving_filtered,100360,,pedestrian,4488,4554,9,0.4171,false,true,missing_ratio_filter,missing_ratio_exceeded,,3.7543
cao_qiao_001,moving_filtered,100362,,pedestrian,4478,4479,2,0.3687,false,true,short_track_filter,track_duration_too_short,,0.7375
cao_qiao_001,moving_filtered,100364,,motor,4569,4622,10,0.4063,false,true,missing_ratio_filter,missing_ratio_exceeded,,4.0625
cao_qiao_001,moving_filtered,100368,,pedestrian,4513,4521,3,0.3724,false,true,missing_ratio_filter,missing_ratio_exceeded,,1.1171
cao_qiao_001,moving_filtered,100373,,pedestrian,4568,4568,1,0.4387,false,true,short_track_filter,track_duration_too_short,,0.4387
cao_qiao_001,moving_filtered,100380,76,tricycle,4696,5574,681,0.5409,true,false,,,,368.3625
cao_qiao_001,moving_filtered,100384,,motor,4745,4762,3,0.3946,false,true,missing_ratio_filter,missing_ratio_exceeded,,1.1839
cao_qiao_001,moving_filtered,100390,,motor,4807,4851,2,0.4158,false,true,missing_ratio_filter,missing_ratio_exceeded,,0.8317
cao_qiao_001,moving_filtered,100398,,awning-tricycle,4946,4946,1,0.4505,false,true,short_track_filter,track_duration_too_short,,0.4505
cao_qiao_001,moving_filtered,100407,,motor,4980,5105,28,0.4249,false,true,missing_ratio_filter,missing_ratio_exceeded,,11.8970
cao_qiao_001,moving_filtered,100408,,motor,4968,5251,169,0.5236,false,true,missing_ratio_filter,missing_ratio_exceeded,,88.4869
cao_qiao_001,moving_filtered,100411,,motor,5032,5045,14,0.4510,false,true,short_track_filter,track_duration_too_short,,6.3136
cao_qiao_001,moving_filtered,100414,,motor,5041,5041,1,0.3839,false,true,short_track_filter,track_duration_too_short,,0.3839
cao_qiao_001,moving_filtered,100416,,motor,5078,5082,5,0.4492,false,true,short_track_filter,track_duration_too_short,,2.2459
cao_qiao_001,moving_filtered,100420,,motor,5116,5155,3,0.4024,false,true,missing_ratio_filter,missing_ratio_exceeded,,1.2073
cao_qiao_001,moving_filtered,100425,,motor,5125,5943,435,0.4659,false,true,missing_ratio_filter,missing_ratio_exceeded,,202.6810
cao_qiao_001,moving_filtered,100429,,motor,5149,5169,6,0.3872,false,true,missing_ratio_filter,missing_ratio_exceeded,,2.3234
cao_qiao_001,moving_filtered,100431,,pedestrian,5156,5225,22,0.4247,false,true,missing_ratio_filter,missing_ratio_exceeded,,9.3440
cao_qiao_001,moving_filtered,100432,85,motor,5167,5454,216,0.4760,true,false,,,,102.8209
cao_qiao_001,moving_filtered,100433,,people,5163,5163,1,0.4352,false,true,short_track_filter,track_duration_too_short,,0.4352
cao_qiao_001,moving_filtered,100435,,motor,5199,5200,2,0.4212,false,true,short_track_filter,track_duration_too_short,,0.8424
cao_qiao_001,moving_filtered,100442,,motor,5269,5270,2,0.3627,false,true,short_track_filter,track_duration_too_short,,0.7254
cao_qiao_001,moving_filtered,100444,,pedestrian,5286,5489,72,0.4742,false,true,missing_ratio_filter,missing_ratio_exceeded,,34.1446
cao_qiao_001,moving_filtered,100448,,motor,5344,5386,21,0.4290,false,true,missing_ratio_filter,missing_ratio_exceeded,,9.0081
cao_qiao_001,moving_filtered,100451,87,motor,5361,6086,535,0.5140,true,false,,,,275.0034
cao_qiao_001,moving_filtered,100459,,motor,5458,5463,6,0.5010,false,true,short_track_filter,track_duration_too_short,,3.0059
cao_qiao_001,moving_filtered,100460,,motor,5460,5462,3,0.4054,false,true,short_track_filter,track_duration_too_short,,1.2163
cao_qiao_001,moving_filtered,100465,,motor,5503,6100,384,0.5543,false,true,fragmentation_filter,suspected_id_fragmentation_drop_all_related_tracklets,fg_0002,212.8590
cao_qiao_001,moving_filtered,100466,,motor,5517,5545,14,0.4195,false,true,missing_ratio_filter,missing_ratio_exceeded,,5.8725
cao_qiao_001,moving_filtered,100470,,motor,5599,5826,68,0.4422,false,true,missing_ratio_filter,missing_ratio_exceeded,,30.0675
cao_qiao_001,moving_filtered,100472,,pedestrian,5598,5648,41,0.4697,false,true,short_track_filter,track_duration_too_short,,19.2579
cao_qiao_001,moving_filtered,100475,93,motor,5642,6439,639,0.5295,true,false,,,,338.3544
cao_qiao_001,moving_filtered,100478,,motor,5703,5793,29,0.4402,false,true,missing_ratio_filter,missing_ratio_exceeded,,12.7663
cao_qiao_001,moving_filtered,100480,,tricycle,5724,6047,187,0.4717,false,true,missing_ratio_filter,missing_ratio_exceeded,,88.2152
cao_qiao_001,moving_filtered,100484,,people,5763,5773,3,0.4092,false,true,missing_ratio_filter,missing_ratio_exceeded,,1.2275
cao_qiao_001,moving_filtered,100485,,pedestrian,5765,5857,11,0.4426,false,true,missing_ratio_filter,missing_ratio_exceeded,,4.8688
cao_qiao_001,moving_filtered,100491,,pedestrian,5859,5859,1,0.5362,false,true,short_track_filter,track_duration_too_short,,0.5362
cao_qiao_001,moving_filtered,100497,,motor,5941,6029,38,0.4453,false,true,missing_ratio_filter,missing_ratio_exceeded,,16.9201
cao_qiao_001,moving_filtered,100506,,pedestrian,5962,6041,29,0.4511,false,true,missing_ratio_filter,missing_ratio_exceeded,,13.0822
cao_qiao_001,moving_filtered,100509,,motor,5985,6164,160,0.5073,false,true,fragmentation_filter,suspected_id_fragmentation_drop_all_related_tracklets,fg_0003,81.1692
cao_qiao_001,moving_filtered,100520,100,motor,6085,6848,648,0.5186,true,false,,,,336.0587
cao_qiao_001,moving_filtered,100525,,pedestrian,6112,6243,45,0.4498,false,true,missing_ratio_filter,missing_ratio_exceeded,,20.2422
cao_qiao_001,moving_filtered,100528,,motor,6189,6259,20,0.5370,false,true,missing_ratio_filter,missing_ratio_exceeded,,10.7409
cao_qiao_001,moving_filtered,100529,,motor,6147,6296,87,0.5932,false,true,missing_ratio_filter,missing_ratio_exceeded,,51.6106
cao_qiao_001,moving_filtered,100534,,motor,6188,6338,128,0.5034,false,true,fragmentation_filter,suspected_id_fragmentation_drop_all_related_tracklets,fg_0002,64.4288
cao_qiao_001,moving_filtered,100535,,motor,6193,6857,624,0.5474,false,true,fragmentation_filter,suspected_id_fragmentation_drop_all_related_tracklets,fg_0003,341.6062
cao_qiao_001,moving_filtered,100542,106,motor,6270,6546,227,0.4951,true,false,,,,112.3910
cao_qiao_001,moving_filtered,100543,,pedestrian,6335,6492,30,0.4427,false,true,missing_ratio_filter,missing_ratio_exceeded,,13.2808
cao_qiao_001,moving_filtered,100547,,motor,6376,6378,3,0.4048,false,true,short_track_filter,track_duration_too_short,,1.2144
cao_qiao_001,moving_filtered,100551,,pedestrian,6440,6458,7,0.5864,false,true,missing_ratio_filter,missing_ratio_exceeded,,4.1046
cao_qiao_001,moving_filtered,100552,,pedestrian,6459,6514,5,0.3886,false,true,missing_ratio_filter,missing_ratio_exceeded,,1.9428
cao_qiao_001,moving_filtered,100554,,motor,6500,6556,39,0.4314,false,true,short_track_filter,track_duration_too_short,,16.8255
cao_qiao_001,moving_filtered,100557,,pedestrian,6532,6587,16,0.4844,false,true,missing_ratio_filter,missing_ratio_exceeded,,7.7503
cao_qiao_001,moving_filtered,100561,,motor,6576,6626,12,0.4048,false,true,missing_ratio_filter,missing_ratio_exceeded,,4.8571
cao_qiao_001,moving_filtered,100562,,motor,6591,6688,34,0.4475,false,true,missing_ratio_filter,missing_ratio_exceeded,,15.2156
cao_qiao_001,moving_filtered,100572,,pedestrian,6759,6777,8,0.4577,false,true,missing_ratio_filter,missing_ratio_exceeded,,3.6615
cao_qiao_001,moving_filtered,100580,,motor,6965,7204,69,0.4688,false,true,missing_ratio_filter,missing_ratio_exceeded,,32.3443
cao_qiao_001,moving_filtered,100596,,pedestrian,7180,7180,1,0.4082,false,true,short_track_filter,track_duration_too_short,,0.4082
cao_qiao_001,moving_filtered,100597,114,motor,7183,7741,500,0.5585,true,false,,,,279.2443
cao_qiao_001,moving_filtered,100598,,pedestrian,7205,7206,2,0.3882,false,true,short_track_filter,track_duration_too_short,,0.7764
cao_qiao_001,moving_filtered,100599,,motor,7248,7466,106,0.4751,false,true,missing_ratio_filter,missing_ratio_exceeded,,50.3622
cao_qiao_001,moving_filtered,100602,,motor,7283,7298,5,0.3912,false,true,missing_ratio_filter,missing_ratio_exceeded,,1.9561
cao_qiao_001,moving_filtered,100613,,pedestrian,7354,7354,1,0.3822,false,true,short_track_filter,track_duration_too_short,,0.3822
cao_qiao_001,moving_filtered,100623,,pedestrian,7430,7574,62,0.4700,false,true,missing_ratio_filter,missing_ratio_exceeded,,29.1383
cao_qiao_001,moving_filtered,100628,,motor,7472,7472,1,0.4174,false,true,short_track_filter,track_duration_too_short,,0.4174
cao_qiao_001,moving_filtered,100636,,pedestrian,7515,7549,7,0.4255,false,true,missing_ratio_filter,missing_ratio_exceeded,,2.9788
cao_qiao_001,moving_filtered,100645,,pedestrian,7582,7675,23,0.4273,false,true,missing_ratio_filter,missing_ratio_exceeded,,9.8276
cao_qiao_001,moving_filtered,100657,,pedestrian,7696,7748,27,0.6643,false,true,missing_ratio_filter,missing_ratio_exceeded,,17.9350
cao_qiao_001,moving_filtered,100658,,motor,7660,7660,1,0.4303,false,true,short_track_filter,track_duration_too_short,,0.4303
cao_qiao_001,moving_filtered,100661,,tricycle,7691,7693,3,0.4232,false,true,short_track_filter,track_duration_too_short,,1.2696
cao_qiao_001,moving_filtered,100664,,pedestrian,7701,7702,2,0.6412,false,true,short_track_filter,track_duration_too_short,,1.2824
cao_qiao_001,moving_filtered,100667,,pedestrian,7730,7730,1,0.5319,false,true,short_track_filter,track_duration_too_short,,0.5319
cao_qiao_001,moving_filtered,100674,,motor,7768,7828,43,0.4764,false,true,short_track_filter,track_duration_too_short,,20.4844
cao_qiao_001,moving_filtered,100676,,motor,7768,7992,68,0.4945,false,true,missing_ratio_filter,missing_ratio_exceeded,,33.6248
cao_qiao_001,moving_filtered,100677,,pedestrian,7776,7778,3,0.5581,false,true,short_track_filter,track_duration_too_short,,1.6744
cao_qiao_001,moving_filtered,100679,,motor,7811,7954,104,0.5357,false,true,short_track_filter,track_duration_too_short,,55.7138
cao_qiao_001,moving_filtered,100680,,pedestrian,7840,8018,35,0.4221,false,true,missing_ratio_filter,missing_ratio_exceeded,,14.7751
cao_qiao_001,moving_filtered,100681,,people,7846,7846,1,0.3631,false,true,short_track_filter,track_duration_too_short,,0.3631
cao_qiao_001,moving_filtered,100682,,motor,7848,7851,4,0.4414,false,true,short_track_filter,track_duration_too_short,,1.7657
cao_qiao_001,moving_filtered,100692,,motor,7910,7955,35,0.4870,false,true,short_track_filter,track_duration_too_short,,17.0457
cao_qiao_001,moving_filtered,100704,,pedestrian,7963,7971,2,0.4274,false,true,missing_ratio_filter,missing_ratio_exceeded,,0.8549
cao_qiao_001,moving_filtered,100705,,motor,7965,7967,3,0.4373,false,true,short_track_filter,track_duration_too_short,,1.3119
cao_qiao_001,moving_filtered,100706,,pedestrian,7987,8123,67,0.4303,false,true,missing_ratio_filter,missing_ratio_exceeded,,28.8277
cao_qiao_001,moving_filtered,100708,,tricycle,7972,8089,17,0.4046,false,true,missing_ratio_filter,missing_ratio_exceeded,,6.8787
cao_qiao_001,moving_filtered,100712,,motor,8017,8085,38,0.4821,false,true,missing_ratio_filter,missing_ratio_exceeded,,18.3215
cao_qiao_001,moving_filtered,100716,,motor,8072,8344,30,0.4496,false,true,missing_ratio_filter,missing_ratio_exceeded,,13.4889
cao_qiao_001,moving_filtered,100723,,pedestrian,8173,8312,47,0.4288,false,true,missing_ratio_filter,missing_ratio_exceeded,,20.1543
cao_qiao_001,moving_filtered,100724,,tricycle,8163,8169,4,0.4222,false,true,missing_ratio_filter,missing_ratio_exceeded,,1.6888
cao_qiao_001,moving_filtered,100731,130,motor,8228,8598,318,0.5470,true,false,,,,173.9455
cao_qiao_001,moving_filtered,100734,,people,8244,8249,3,0.3652,false,true,missing_ratio_filter,missing_ratio_exceeded,,1.0956
cao_qiao_001,moving_filtered,100741,132,motor,8403,8771,278,0.4849,true,false,,,,134.7972
cao_qiao_001,moving_filtered,100742,,motor,8391,8437,11,0.3888,false,true,missing_ratio_filter,missing_ratio_exceeded,,4.2773
cao_qiao_001,moving_filtered,100743,,pedestrian,8386,8809,167,0.4665,false,true,missing_ratio_filter,missing_ratio_exceeded,,77.8987
cao_qiao_001,moving_filtered,100744,,pedestrian,8427,8427,1,0.4101,false,true,short_track_filter,track_duration_too_short,,0.4101
cao_qiao_001,moving_filtered,100756,,motor,8451,8455,5,0.4189,false,true,short_track_filter,track_duration_too_short,,2.0944
cao_qiao_001,moving_filtered,100761,,pedestrian,8501,8502,2,0.4478,false,true,short_track_filter,track_duration_too_short,,0.8955
cao_qiao_001,moving_filtered,100763,,pedestrian,8560,8560,1,0.5331,false,true,short_track_filter,track_duration_too_short,,0.5331
cao_qiao_001,moving_filtered,100768,,people,8608,8608,1,0.3686,false,true,short_track_filter,track_duration_too_short,,0.3686
cao_qiao_001,moving_filtered,100770,,motor,8597,9021,198,0.5902,false,true,missing_ratio_filter,missing_ratio_exceeded,,116.8624
cao_qiao_001,moving_filtered,100775,,pedestrian,8659,8659,1,0.3913,false,true,short_track_filter,track_duration_too_short,,0.3913
cao_qiao_001,moving_filtered,100776,,pedestrian,8691,8691,1,0.3963,false,true,short_track_filter,track_duration_too_short,,0.3963
cao_qiao_001,moving_filtered,100785,,motor,8708,8964,97,0.4219,false,true,missing_ratio_filter,missing_ratio_exceeded,,40.9269
cao_qiao_001,moving_filtered,100789,134,motor,8732,8916,114,0.4672,true,false,,,,53.2558
cao_qiao_001,moving_filtered,100791,135,motor,8766,9016,241,0.5940,true,false,,,,143.1573
cao_qiao_001,moving_filtered,100792,,motor,8770,8772,3,0.3847,false,true,short_track_filter,track_duration_too_short,,1.1542
cao_qiao_001,moving_filtered,100794,,pedestrian,8815,8876,20,0.4444,false,true,missing_ratio_filter,missing_ratio_exceeded,,8.8871
cao_qiao_001,moving_filtered,100799,,pedestrian,8912,8913,2,0.3787,false,true,short_track_filter,track_duration_too_short,,0.7575
cao_qiao_001,moving_filtered,100800,,pedestrian,8861,8884,9,0.5996,false,true,missing_ratio_filter,missing_ratio_exceeded,,5.3962
cao_qiao_001,moving_filtered,100805,,pedestrian,8967,9018,22,0.4387,false,true,missing_ratio_filter,missing_ratio_exceeded,,9.6524
cao_qiao_001,moving_filtered,100807,,pedestrian,8980,8982,3,0.4846,false,true,short_track_filter,track_duration_too_short,,1.4538
