dataset_id,object_id,class_name,start_frame,end_frame,total_frames,mean_confidence,start_cx,start_cy,end_cx,end_cy,displacement,path_length,mean_speed,max_speed,static_ratio,is_static,filter_reason
cao_qiao_001,1,car,0,955,956,0.742737,480.610046,117.656069,3365.553711,39.523198,2886.001506,4638.251850,4.856808,8.603327,0.000000,False,
cao_qiao_001,2,car,0,575,576,0.756016,2947.898865,106.967369,980.626801,990.595398,2156.607954,2259.687207,3.929891,8.565373,0.121739,False,
cao_qiao_001,4,car,0,206,207,0.753023,1140.463379,1170.849731,1558.754028,2130.097778,1046.481669,1060.927018,5.150131,8.015021,0.000000,False,
cao_qiao_001,6,car,0,95,96,0.727830,1394.768982,1647.562500,1551.755707,2133.360962,510.534012,520.929120,5.483464,7.500257,0.000000,False,
cao_qiao_001,7,car,0,15,16,0.721440,814.763824,96.276231,717.205536,40.631110,112.312061,112.708302,7.513887,10.580603,0.000000,False,
cao_qiao_001,8,car,0,259,260,0.737741,2654.429688,1239.849854,3435.835205,40.530591,1431.419323,1452.035428,5.606314,8.082191,0.000000,False,
cao_qiao_001,9,car,0,114,115,0.746010,1168.583496,267.220001,720.745697,40.599270,501.911994,510.060038,4.474211,6.695106,0.000000,False,
cao_qiao_001,10,car,0,465,463,0.689863,1175.793915,1387.392487,695.471954,218.954651,1263.311585,1296.689882,2.789579,4.743273,0.023810,False,
cao_qiao_001,12,truck,0,266,267,0.707998,2393.562500,337.990204,776.227631,82.141996,1637.446300,1729.183082,6.500688,22.252692,0.011278,False,
cao_qiao_001,27,car,1,52,26,0.521735,1281.336670,363.831314,1408.229043,348.790149,127.780714,128.365886,2.498301,4.549108,0.080000,False,
cao_qiao_001,30,van,27,27,1,0.303501,2723.579346,801.481018,2723.579346,801.481018,0.000000,0.000000,0.000000,0.000000,1.000000,False,
cao_qiao_001,31,car,32,687,656,0.744016,3005.041138,53.906716,1614.403412,2133.475342,2501.695216,3294.537014,5.029828,7.685259,0.000000,False,
cao_qiao_001,40,car,168,215,20,0.404455,1709.224657,351.929013,1833.790670,351.241823,124.567909,129.486921,2.786507,10.877050,0.105263,False,
cao_qiao_001,42,van,197,236,7,0.317467,2723.656067,801.277893,2723.635620,801.413269,0.136911,0.340409,0.039141,0.114799,1.000000,False,
cao_qiao_001,53,car,316,699,193,0.523301,2096.043237,340.698604,3036.652954,152.111633,959.328768,987.602378,2.569146,7.950928,0.151042,False,
cao_qiao_001,57,car,363,1692,1330,0.760462,264.389130,40.804004,3330.065613,64.924834,3065.771373,4935.910073,3.714003,7.325071,0.041384,False,
cao_qiao_001,67,car,500,544,39,0.523495,647.193283,134.271145,569.725037,40.299476,121.786714,128.422051,2.915334,4.660000,0.131579,False,
cao_qiao_001,72,car,547,884,338,0.735116,291.790009,64.268646,1537.934784,2133.673157,2415.639011,2466.842747,7.320008,12.408971,0.000000,False,
cao_qiao_001,74,car,557,1021,465,0.731564,393.165039,67.831841,1604.366272,2133.515869,2394.589512,2471.378177,5.326246,7.469041,0.000000,False,
cao_qiao_001,78,car,594,651,24,0.347544,2187.048340,1658.861572,2186.924194,1659.093201,0.262800,1.914643,0.072909,0.171784,1.000000,False,
cao_qiao_001,79,car,587,972,386,0.783755,302.555176,64.153763,1548.395996,2136.496094,2417.999604,2510.457181,6.520668,15.258355,0.000000,False,
cao_qiao_001,92,car,722,1740,1019,0.753159,295.586338,75.001839,3414.665588,71.825775,3119.080867,4828.425592,4.743051,10.591643,0.000000,False,
cao_qiao_001,93,car,726,1181,456,0.783305,390.341278,57.877579,1610.711609,2137.181152,2410.976378,2485.389790,5.462395,9.579687,0.002198,False,
cao_qiao_001,98,car,763,1746,984,0.766538,2190.848877,2130.750732,723.865326,39.848130,2554.195457,3487.707525,3.548024,7.166389,0.003052,False,
cao_qiao_001,100,car,791,902,41,0.569474,3201.265625,134.729305,3492.271545,29.445231,309.465963,314.309865,3.030048,5.384978,0.075000,False,
cao_qiao_001,110,car,861,1399,539,0.784565,313.264709,68.314271,1555.319794,2136.601318,2412.573759,2492.689975,4.633253,7.078026,0.001859,False,
cao_qiao_001,114,car,930,1468,539,0.774192,299.194031,68.181046,1555.163086,2133.832886,2417.514382,2504.394326,4.655008,6.903711,0.000000,False,
cao_qiao_001,117,car,950,1306,357,0.775279,3057.978638,50.706810,730.689148,54.367301,2327.292368,2481.507762,6.970527,9.427490,0.000000,False,
cao_qiao_001,125,car,1102,1513,412,0.747233,330.768005,68.178802,1586.781586,2136.558228,2419.868501,2483.502985,6.042586,9.335352,0.000000,False,
cao_qiao_001,131,car,1187,1203,14,0.320514,1460.088013,295.711609,1460.125000,295.680481,0.048343,1.140774,0.076214,0.143418,1.000000,False,
cao_qiao_001,134,van,1235,1849,611,0.674891,330.634369,82.209206,1544.651764,2116.208923,2368.753488,2527.190407,4.132442,7.684265,0.027869,False,
cao_qiao_001,138,car,1311,1313,3,0.369102,2184.112732,1659.220154,2184.101868,1659.238586,0.021396,0.169129,0.084564,0.092195,1.000000,False,
cao_qiao_001,139,car,1310,1846,537,0.771947,309.568298,68.380255,1618.039246,2136.512512,2447.297950,2519.219291,4.700036,9.204851,0.001866,False,
cao_qiao_001,148,car,1415,1935,521,0.779707,313.135468,68.292123,1551.632568,2136.507263,2410.682255,2495.559467,4.799153,7.687518,0.003846,False,
cao_qiao_001,152,car,1495,2180,686,0.768648,2141.592590,2126.872803,706.959137,39.866292,2532.542067,3428.433640,5.005013,7.561960,0.000000,False,
cao_qiao_001,153,van,1523,1568,5,0.313259,2720.325745,801.438110,2723.389282,801.305115,3.066423,3.285233,0.804217,3.145987,0.750000,False,
cao_qiao_001,155,car,1536,1561,23,0.328741,1460.000122,295.469238,1460.017029,295.602722,0.134550,1.425126,0.059684,0.146528,1.000000,False,
cao_qiao_001,164,car,1656,1656,1,0.600737,3292.718811,103.552353,3292.718811,103.552353,0.000000,0.000000,0.000000,0.000000,1.000000,False,
cao_qiao_001,165,car,1656,1656,1,0.436657,382.431427,84.952774,382.431427,84.952774,0.000000,0.000000,0.000000,0.000000,1.000000,False,
cao_qiao_001,166,car,1656,1656,1,0.370742,515.645889,176.201660,515.645889,176.201660,0.000000,0.000000,0.000000,0.000000,1.000000,False,
cao_qiao_001,168,car,1656,1656,1,0.485426,744.229553,96.568604,744.229553,96.568604,0.000000,0.000000,0.000000,0.000000,1.000000,False,
cao_qiao_001,178,van,1668,1694,2,0.316124,2723.443481,801.277832,2723.635742,801.302383,0.193822,0.193822,0.007455,0.007455,1.000000,False,
cao_qiao_001,179,car,1689,2263,575,0.771032,2119.297119,2126.335327,619.186951,40.182076,2569.506938,3472.143496,6.049030,7.625957,0.000000,False,
cao_qiao_001,187,van,1825,1876,12,0.318737,2723.635559,801.408691,2723.513611,801.302002,0.162031,0.686995,0.034104,0.067755,1.000000,False,
cao_qiao_001,188,car,1836,1842,4,0.307909,1460.216980,295.673615,1460.233704,295.899719,0.226722,0.244758,0.038629,0.062629,1.000000,False,
cao_qiao_001,196,truck,2102,2102,1,0.308744,2720.278992,801.511414,2720.278992,801.511414,0.000000,0.000000,0.000000,0.000000,1.000000,False,
cao_qiao_001,198,car,2131,2185,30,0.385045,2228.859680,2119.576416,2299.702026,1987.543823,149.837390,153.479746,2.952306,4.673802,0.103448,False,
cao_qiao_001,205,car,2208,2244,2,0.312154,1460.294983,295.927094,1460.139221,295.841003,0.177970,0.177970,0.004944,0.004944,1.000000,False,
cao_qiao_001,207,car,2249,2379,45,0.383118,2383.405884,1823.197906,2563.005981,1482.625977,385.026537,388.080458,3.014844,4.296546,0.022727,False,
cao_qiao_001,210,car,2276,2983,708,0.761908,2092.744446,2124.027588,653.597412,37.307156,2534.866140,3447.863729,4.876752,9.547085,0.000000,False,
cao_qiao_001,214,car,2318,2680,363,0.740467,3011.696472,71.528199,717.266174,40.346066,2294.642176,2447.414126,6.760813,11.428649,0.000000,False,
cao_qiao_001,219,car,2406,2619,200,0.519552,2208.919678,2134.568909,2464.720703,1808.380371,414.527595,446.700876,2.091086,4.695463,0.286432,False,
cao_qiao_001,220,van,2442,2493,19,0.332056,2723.518127,801.348526,2723.520630,801.402161,0.053693,1.216933,0.048369,0.143367,1.000000,False,
cao_qiao_001,221,car,2426,2820,395,0.771346,278.609589,54.894371,1537.671326,2116.398376,2415.581757,2491.793394,6.324349,10.635178,0.000000,False,
cao_qiao_001,225,car,2523,2757,115,0.394206,2759.329529,1113.968567,3011.673462,655.015945,523.750866,541.072469,2.361710,4.340077,0.157895,False,
cao_qiao_001,226,truck,2533,2887,355,0.690582,2920.535034,106.556976,776.011749,68.369613,2144.863258,2293.708686,6.479403,10.420843,0.000000,False,
cao_qiao_001,227,car,2541,3145,605,0.747296,2144.640564,2119.512512,705.641144,39.733834,2529.070715,3354.761423,5.554241,9.059718,0.000000,False,
cao_qiao_001,232,car,2555,2557,3,0.308435,1460.041321,295.575775,1460.065613,295.502716,0.076992,0.082577,0.041288,0.064295,1.000000,False,
cao_qiao_001,237,van,2655,2712,11,0.330700,2723.503113,801.336243,2723.559509,801.327332,0.057096,0.678760,0.050854,0.145280,1.000000,False,
cao_qiao_001,238,car,2665,3429,765,0.707878,3042.996582,717.539978,1583.690369,2134.205627,2033.842714,3385.956949,4.431881,9.099604,0.099476,False,
cao_qiao_001,243,car,2788,3359,572,0.748789,2176.463501,2126.658081,712.837769,40.320927,2548.529577,3451.188455,6.044113,10.377453,0.000000,False,
cao_qiao_001,249,car,2854,3202,349,0.730874,2145.571411,2123.213013,3355.263672,89.414001,2366.367213,2385.514053,6.854925,11.712548,0.000000,False,
cao_qiao_001,251,car,2871,3072,198,0.482220,3134.847351,443.870972,3436.041931,92.597107,462.721842,492.590796,2.452666,5.155973,0.167513,False,
cao_qiao_001,252,car,2882,3389,508,0.721321,3019.244202,85.438416,1614.937592,2133.868225,2483.574388,3258.332563,6.426691,10.744797,0.000000,False,
cao_qiao_001,255,car,2915,3216,302,0.700502,393.278320,58.143923,1604.585815,2133.925537,2403.359140,2455.216414,8.156865,12.767448,0.000000,False,
cao_qiao_001,258,car,2975,3562,588,0.742946,2186.462708,2119.194580,657.087097,36.815499,2583.658723,3465.896120,5.904423,10.633004,0.000000,False,
cao_qiao_001,261,car,3066,3595,530,0.708381,2962.791077,78.756065,1583.257324,2130.049194,2472.026876,3207.505131,6.063337,11.280827,0.000000,False,
cao_qiao_001,263,van,3139,3139,1,0.313884,2723.451843,801.433350,2723.451843,801.433350,0.000000,0.000000,0.000000,0.000000,1.000000,False,
cao_qiao_001,266,car,3127,3941,815,0.756646,3032.773743,82.025414,1555.591431,2136.651794,2530.525074,3332.023783,4.093395,7.694148,0.001229,False,
cao_qiao_001,271,car,3174,3985,812,0.743396,3074.799561,82.309434,1628.570740,2136.823242,2512.489759,3381.625962,4.169699,11.764086,0.000000,False,
cao_qiao_001,272,car,3208,3550,343,0.774416,278.372658,61.363862,1544.803589,2133.934937,2428.867671,2483.800021,7.262573,9.517556,0.000000,False,
cao_qiao_001,276,car,3296,3657,362,0.718198,2937.168457,79.176224,730.629639,41.012673,2206.868826,2358.595388,6.533505,11.614131,0.000000,False,
cao_qiao_001,277,car,3303,3793,491,0.745670,2165.875854,2112.317993,632.359497,46.397232,2572.877962,3387.178894,6.912610,11.502012,0.000000,False,
cao_qiao_001,285,van,3556,3559,4,0.318625,2723.553711,801.435120,2723.550415,801.454620,0.019777,0.081014,0.027005,0.037530,1.000000,False,
cao_qiao_001,286,car,3507,4073,567,0.776359,369.194885,47.883850,1551.734985,2133.854004,2397.847487,2489.660562,4.398694,10.542865,0.001767,False,
cao_qiao_001,288,car,3542,3542,1,0.303914,1460.239594,295.358917,1460.239594,295.358917,0.000000,0.000000,0.000000,0.000000,1.000000,False,
cao_qiao_001,301,car,3722,4393,672,0.716435,2138.112793,2120.512573,671.870361,40.437263,2544.912605,3390.183370,5.052434,10.490539,0.004471,False,
cao_qiao_001,302,car,3724,4218,495,0.727148,263.748657,47.594154,1534.496277,2126.998657,2436.949445,2519.126278,5.099446,11.294009,0.000000,False,
cao_qiao_001,303,car,3742,4069,132,0.446246,1888.964396,1728.693370,2864.602051,882.081085,1291.751212,1399.257243,4.312517,9.044246,0.015267,False,
cao_qiao_001,305,car,3745,4141,397,0.718997,407.557434,57.172065,1607.995819,2133.342896,2398.236359,2466.765080,6.229205,9.109909,0.002525,False,
cao_qiao_001,309,car,3815,4307,493,0.776980,274.236023,54.349194,1551.786987,2119.453430,2428.331109,2504.199932,5.089837,7.481988,0.002033,False,
cao_qiao_001,315,van,3916,4438,523,0.681246,292.353333,57.351800,1548.203278,2105.758545,2402.733709,2511.885463,4.812041,7.614705,0.005747,False,
cao_qiao_001,318,van,3937,4716,780,0.635803,449.909882,82.507462,3338.190247,138.267868,2888.818563,4611.862180,5.920234,10.204372,0.001284,False,
cao_qiao_001,320,car,3948,4809,862,0.732454,3022.195068,89.397736,1573.070374,2126.674438,2500.091747,3302.846375,3.836059,7.695068,0.003484,False,
cao_qiao_001,323,car,3984,4647,664,0.729170,3067.830566,92.724082,973.725983,972.912109,2271.564433,2365.379091,3.567691,7.381812,0.048265,False,
cao_qiao_001,324,van,4001,4109,9,0.323115,2723.711182,801.459808,2723.794678,801.468094,0.083906,0.407768,0.026977,0.064284,1.000000,False,
cao_qiao_001,326,car,4014,4317,304,0.743889,2180.491211,2120.514648,3352.574585,92.757645,2342.131060,2371.906151,7.828073,13.284795,0.003300,False,
cao_qiao_001,328,car,4023,4545,520,0.722690,267.762085,50.426800,1541.214417,2130.317139,2438.775238,2536.395613,4.858997,10.919766,0.003854,False,
cao_qiao_001,332,car,4107,4653,547,0.732589,260.375336,50.756424,1502.481934,2126.525452,2419.017540,2528.098806,4.630218,7.298567,0.003663,False,
cao_qiao_001,339,car,4165,4266,43,0.509801,3078.150757,500.139336,3355.023010,151.735231,445.020971,450.745731,4.516432,6.645837,0.000000,False,
cao_qiao_001,345,car,4211,4559,349,0.702218,2166.251465,2126.583496,3393.762024,99.742966,2369.570575,2403.736629,6.907289,10.216378,0.000000,False,
cao_qiao_001,346,car,4226,4247,16,0.313916,1460.278503,295.607483,1460.229919,295.725281,0.127423,0.683598,0.042621,0.097877,1.000000,False,
cao_qiao_001,349,truck,4258,4423,29,0.322917,2723.712097,801.496887,2723.722412,801.519806,0.025133,1.531918,0.036965,0.109317,1.000000,False,
cao_qiao_001,369,car,4532,4536,5,0.306743,1460.452515,295.641846,1460.470612,295.674591,0.037413,0.136047,0.034012,0.049710,1.000000,False,
cao_qiao_001,375,van,4607,4653,15,0.331238,2723.568481,801.471008,2723.506409,801.433502,0.072524,0.467532,0.030232,0.069202,1.000000,False,
cao_qiao_001,381,car,4706,5056,351,0.708640,2170.367065,2126.454956,3305.667542,106.849680,2316.832459,2353.548161,6.724423,12.635635,0.000000,False,
cao_qiao_001,385,car,4739,5623,885,0.766863,2091.705566,2127.150391,692.700821,40.269858,2512.426045,3460.227218,3.914284,6.567243,0.001131,False,
cao_qiao_001,386,car,4745,5119,375,0.775703,313.959625,57.940452,1562.611969,2133.357666,2422.083666,2478.865856,6.627984,8.963597,0.000000,False,
cao_qiao_001,387,car,4772,5527,756,0.743592,271.347725,51.257114,3369.322144,103.071182,3098.407687,4748.041729,6.288797,10.057717,0.000000,False,
cao_qiao_001,395,car,4894,6047,1154,0.764459,2170.064819,2127.219727,772.956116,43.709732,2508.570635,3363.562266,2.917227,6.755634,0.144840,False,
cao_qiao_001,402,car,4927,5976,1050,0.756522,336.943787,53.960480,3288.316772,96.129515,2951.674225,4682.955742,4.464209,8.445627,0.000000,False,
cao_qiao_001,409,car,4979,5060,40,0.422394,1266.857239,263.939178,1127.135468,211.996414,149.064497,154.542928,1.812203,2.932044,0.256410,False,
cao_qiao_001,412,car,5007,5417,411,0.782817,348.106720,51.343674,1568.794159,2130.692200,2411.175671,2464.150723,6.010124,8.870141,0.000000,False,
cao_qiao_001,413,car,5012,5768,757,0.734564,2146.127441,2120.392456,717.231903,43.893830,2520.632660,3385.663142,4.478390,12.017235,0.083333,False,
cao_qiao_001,434,car,5175,5176,2,0.455344,2583.917053,1402.635773,2583.883179,1402.066101,0.570678,0.570678,0.570678,0.570678,1.000000,False,
cao_qiao_001,438,truck,5222,5898,677,0.606278,2916.109436,96.145797,1607.554077,2098.737457,2392.214557,3244.965089,4.800244,11.705752,0.019231,False,
cao_qiao_001,454,car,5387,6162,776,0.756229,271.162506,47.084362,1530.614014,2126.766968,2431.316072,2576.220001,3.324155,7.869910,0.029677,False,
cao_qiao_001,456,car,5404,5778,108,0.499095,2532.945190,844.041046,2067.123383,382.997986,655.401144,685.753317,1.882905,4.541819,0.355140,False,
cao_qiao_001,458,car,5445,5455,6,0.341853,2671.018066,204.473450,2642.879822,218.003326,31.222082,32.799992,3.219635,3.757727,0.000000,False,
cao_qiao_001,461,car,5474,6013,540,0.711113,278.448830,50.117481,1540.818848,2119.412659,2423.955568,2524.497609,4.683669,11.959873,0.001855,False,
cao_qiao_001,467,car,5512,6398,887,0.728480,397.118713,54.097348,3394.223022,106.907831,2997.569547,4685.441963,5.288309,9.562584,0.001129,False,
cao_qiao_001,471,car,5593,6079,487,0.748183,2165.765137,2127.116028,3390.043945,99.754166,2368.344300,2419.129763,4.977633,7.823284,0.006173,False,
cao_qiao_001,473,car,5602,6070,469,0.688328,312.531677,54.819182,1597.312988,2123.302307,2435.012414,2518.166923,5.380699,10.694969,0.010684,False,
cao_qiao_001,482,car,5748,6258,511,0.752265,288.323486,54.386879,1541.143127,2129.904297,2424.320442,2508.458244,4.918546,7.940712,0.003922,False,
cao_qiao_001,489,car,5817,6504,688,0.769441,2134.911072,2122.625977,713.575806,40.640522,2520.884244,3363.376425,4.895744,7.750261,0.001456,False,
cao_qiao_001,490,car,5857,6234,378,0.720345,298.855408,61.608669,1607.963257,2130.106384,2447.947336,2513.000086,6.665783,11.300947,0.000000,False,
cao_qiao_001,492,car,5864,5869,2,0.453938,1826.112839,363.691822,1811.860121,363.713148,14.252734,14.252734,2.850547,2.850547,0.000000,False,
cao_qiao_001,505,car,5943,5944,2,0.326779,966.237366,485.959869,966.177719,485.992393,0.067938,0.067938,0.067938,0.067938,1.000000,False,
cao_qiao_001,507,car,5957,6414,458,0.701074,3011.975342,89.314270,1604.439819,2123.342468,2473.545423,3251.338328,7.114526,12.434581,0.002188,False,
cao_qiao_001,511,truck,6008,6391,378,0.638900,327.010712,79.014791,1534.275574,2105.557495,2358.890370,2438.754467,6.375825,12.119020,0.005305,False,
cao_qiao_001,512,car,6010,6253,87,0.412696,1408.414307,325.298714,733.782776,26.393863,737.883332,747.874201,3.065563,6.757128,0.151163,False,
cao_qiao_001,517,car,6059,6406,348,0.741578,2966.448364,89.615234,661.114502,39.875621,2305.870388,2451.207422,7.063998,11.888328,0.000000,False,
cao_qiao_001,526,car,6128,6629,502,0.727111,284.489498,53.849109,1561.937622,2133.328857,2440.514236,2513.915734,5.017796,9.101756,0.000000,False,
cao_qiao_001,527,van,6130,6558,429,0.762587,3050.262573,85.788835,713.243896,50.985009,2337.277819,2495.301227,5.830143,10.029859,0.002336,False,
cao_qiao_001,533,car,6175,6700,526,0.711842,3064.381470,86.123811,1621.960388,2126.416077,2498.673870,3324.742994,6.332844,14.677203,0.003810,False,
cao_qiao_001,536,car,6201,6249,22,0.323310,1288.182373,1742.690796,1288.948425,1743.003845,0.827548,3.672841,0.062699,0.167300,1.000000,False,
cao_qiao_001,537,car,6216,6692,477,0.734912,289.087124,54.785072,1555.201172,2133.479797,2433.930267,2518.530481,5.291030,10.460264,0.006303,False,
cao_qiao_001,538,car,6218,6593,376,0.732668,2179.998535,2116.247803,3383.114014,107.133438,2341.800031,2371.445558,6.323855,10.381820,0.000000,False,
cao_qiao_001,544,car,6321,6833,513,0.762921,3019.262939,92.427413,1604.097382,2129.892883,2480.717456,3293.062449,6.431763,10.066867,0.000000,False,
cao_qiao_001,559,car,6565,6587,7,0.351696,1289.733307,1745.861206,1289.686279,1746.043274,0.188043,0.710838,0.086472,0.180974,1.000000,False,
cao_qiao_001,574,car,6778,7154,377,0.713918,2122.579285,2119.668579,3289.204041,103.128817,2329.687948,2364.749499,6.289227,11.658237,0.000000,False,
cao_qiao_001,576,car,6801,7201,401,0.772911,2948.404114,78.863769,720.441711,39.521797,2228.309731,2381.588350,5.953971,7.877552,0.000000,False,
cao_qiao_001,577,car,6859,7205,347,0.533138,2172.877441,2115.776855,3390.788818,107.048637,2349.105612,2381.394695,6.882644,10.091386,0.000000,False,
cao_qiao_001,582,car,6973,7312,340,0.708604,400.256775,57.465784,1628.906158,2129.914734,2409.278721,2464.345111,7.269455,12.400106,0.000000,False,
cao_qiao_001,583,car,6973,7267,295,0.718928,277.854156,60.781373,1555.114716,2123.456604,2426.112868,2478.911265,8.431671,12.164498,0.000000,False,
cao_qiao_001,593,car,7090,7704,615,0.754255,3053.688354,89.127136,1617.992188,2136.844971,2500.874210,3325.175657,5.415596,7.667671,0.001629,False,
cao_qiao_001,604,freight_car,7310,7752,375,0.608641,3036.251709,96.277290,723.592773,103.613102,2312.670570,2510.107366,5.678890,63.899701,0.050802,False,
cao_qiao_001,618,car,7385,8105,721,0.736360,3057.368286,92.616975,1618.338379,2133.645386,2497.319372,3344.512786,4.645157,7.569707,0.001389,False,
cao_qiao_001,619,car,7387,8226,840,0.688831,407.412140,57.882669,3380.280762,127.917738,2973.693453,4677.736501,5.575371,11.648786,0.000000,False,
cao_qiao_001,624,car,7431,8078,648,0.738949,2155.407837,2123.884460,723.033875,39.645066,2528.981815,3342.936657,5.166826,7.984157,0.000000,False,
cao_qiao_001,625,car,7434,7434,1,0.313494,2183.895996,1662.666504,2183.895996,1662.666504,0.000000,0.000000,0.000000,0.000000,1.000000,False,
cao_qiao_001,632,car,7492,7773,282,0.742582,2959.034180,85.745124,2302.955322,295.726196,688.862481,787.359583,2.801991,22.945912,0.192171,False,
cao_qiao_001,633,car,7510,8050,541,0.669263,274.988922,51.030572,1537.405853,2112.498535,2417.301527,2519.643070,4.666006,11.277388,0.000000,False,
cao_qiao_001,646,van,7584,8592,976,0.534921,421.981934,68.342485,3379.702271,134.789963,2958.466640,4820.244241,4.804535,27.325470,0.058462,False,
cao_qiao_001,648,car,7602,8119,518,0.709719,291.869019,54.703960,1530.957031,2130.031006,2417.089459,2509.143505,4.853276,10.830108,0.005803,False,
cao_qiao_001,666,car,7718,8292,575,0.758449,2113.976929,2120.556458,709.434753,39.919483,2510.336420,3353.088196,5.841617,8.768679,0.000000,False,
cao_qiao_001,673,car,7756,8100,345,0.707728,2176.173096,2119.722290,3386.849243,113.833303,2342.931361,2371.840293,6.894885,9.044185,0.000000,False,
cao_qiao_001,683,car,7861,7944,81,0.510078,2877.158936,99.190536,2573.231750,249.555161,339.088859,348.391458,4.207970,9.371360,0.012500,False,
cao_qiao_001,695,car,7930,8277,348,0.626276,330.979401,61.606125,1607.697510,2130.209961,2430.870412,2482.524934,7.154251,15.793519,0.005764,False,
cao_qiao_001,709,car,7993,8634,642,0.726617,2986.988220,106.406204,1604.119781,2137.129700,2456.860402,3259.350597,5.084790,11.105254,0.004680,False,
cao_qiao_001,711,car,8041,8409,287,0.566071,2194.173019,351.111785,727.752075,36.442814,1499.802302,1556.992774,4.267055,6.962271,0.000000,False,
cao_qiao_001,713,car,8064,8065,2,0.321784,1296.010315,1752.015381,1296.044067,1752.056915,0.053519,0.053519,0.053519,0.053519,1.000000,False,
cao_qiao_001,718,car,8054,8397,344,0.729341,278.613091,61.419922,1558.754822,2133.369385,2435.515844,2498.114023,7.283131,10.747732,0.000000,False,
cao_qiao_001,727,car,8201,8710,510,0.758125,2987.278687,96.108284,698.579590,43.288528,2289.308516,2452.584028,4.818436,7.836650,0.000000,False,
cao_qiao_001,735,car,8273,8709,437,0.703773,291.750488,54.131855,1544.466766,2136.552368,2430.179678,2500.588363,5.735294,11.332180,0.000000,False,
cao_qiao_001,780,car,8695,8696,2,0.324169,2847.205811,949.580872,2849.598022,942.733704,7.253026,7.253026,7.253026,7.253026,0.000000,False,
cao_qiao_001,787,car,8723,9021,299,0.737645,2123.586121,2119.407471,3333.634094,131.487043,2327.239507,2342.495647,7.860724,11.173053,0.000000,False,
cao_qiao_001,793,car,8792,8921,23,0.365792,1359.208130,752.763809,1039.813446,980.056610,392.014007,398.606150,3.281142,4.986029,0.045455,False,
cao_qiao_001,802,van,8878,9021,144,0.678357,309.391422,64.767555,1018.471069,875.514954,1077.081840,1102.829335,7.712093,11.629454,0.000000,False,
cao_qiao_001,100021,pedestrian,0,6,7,0.523450,1435.000000,460.500000,1434.937799,460.346965,0.165193,1.786719,0.297787,0.499950,1.000000,False,
cao_qiao_001,100022,motor,0,517,444,0.543389,2736.500000,207.000000,1533.819109,2018.664932,2174.527799,2775.428895,5.310891,7.387821,0.000000,False,
cao_qiao_001,100023,people,0,92,93,0.518724,1288.000000,363.500000,1519.000000,349.500000,231.423854,236.048419,2.565744,7.566373,0.054348,False,
cao_qiao_001,100024,motor,0,304,68,0.527050,2480.000000,1687.000000,2896.260555,843.438637,940.674557,943.028901,3.070933,4.351650,0.014925,False,
cao_qiao_001,100025,tricycle,0,107,45,0.468721,1279.500000,364.500000,1547.941795,350.656657,268.798503,269.818502,2.481393,3.406061,0.000000,False,
cao_qiao_001,100026,pedestrian,0,131,77,0.478828,1505.000000,1699.500000,1503.053110,1696.439514,3.627252,22.706695,0.230332,0.589533,1.000000,False,
cao_qiao_001,100028,pedestrian,1,6,5,0.456661,1433.000000,476.000000,1432.911691,476.000999,0.088315,1.852797,0.342717,0.499950,1.000000,False,
cao_qiao_001,100032,motor,45,183,81,0.545598,1035.948561,1093.978313,1190.843676,1402.291410,345.035452,349.130321,2.314406,3.224275,0.000000,False,
cao_qiao_001,100035,motor,118,214,43,0.429435,2282.201081,2002.001192,2488.500000,1638.500000,417.962152,418.430965,4.431572,7.644026,0.000000,False,
cao_qiao_001,100038,tricycle,157,162,6,0.417265,1683.358927,353.019818,1693.489429,353.025384,10.130504,10.175828,2.035166,2.617729,0.000000,False,
cao_qiao_001,100039,people,165,185,3,0.406688,1709.611743,352.630053,1762.545053,352.497920,52.933475,52.933500,2.620868,2.672482,0.000000,False,
cao_qiao_001,100043,pedestrian,215,327,6,0.421939,1436.006884,459.823073,1432.683257,459.014644,3.420535,3.652345,0.157497,0.322501,1.000000,False,
cao_qiao_001,100044,pedestrian,213,216,4,0.424105,1433.500000,476.530128,1433.978112,476.338202,0.515196,1.072062,0.357354,0.376425,1.000000,False,
cao_qiao_001,100045,pedestrian,305,576,182,0.482022,1503.533039,1696.292918,1501.547023,1696.421111,1.990149,52.473866,0.257146,0.786823,1.000000,False,
cao_qiao_001,100049,pedestrian,281,281,1,0.507922,2649.098928,1398.892043,2649.098928,1398.892043,0.000000,0.000000,0.000000,0.000000,1.000000,False,
cao_qiao_001,100052,motor,340,649,237,0.545826,2743.551006,1128.620038,3439.679457,74.925402,1262.880519,1280.489648,4.092550,6.346195,0.000000,False,
cao_qiao_001,100054,tricycle,291,334,9,0.447106,2034.022383,345.162710,2141.209753,335.455374,107.626040,107.683459,2.557644,2.935693,0.000000,False,
cao_qiao_001,100060,motor,421,633,153,0.543279,3070.138757,540.583325,3437.953865,18.891698,638.318187,641.649425,3.051603,4.285856,0.000000,False,
cao_qiao_001,100061,pedestrian,422,434,7,0.454963,1432.581399,458.980516,1432.834814,459.449806,0.533341,1.065221,0.110752,0.331676,1.000000,False,
cao_qiao_001,100071,people,529,530,2,0.493412,2660.500000,261.000000,2662.000000,261.500000,1.581139,1.581139,1.581139,1.581139,0.000000,False,
cao_qiao_001,100073,motor,554,763,74,0.466821,2830.905500,126.868550,1827.599292,429.537639,1047.965613,1058.983858,5.016643,5.934416,0.000000,False,
cao_qiao_001,100076,motor,565,672,21,0.653575,2747.632089,247.066114,2989.984161,164.409124,256.059963,256.233203,2.420542,2.849581,0.000000,False,
cao_qiao_001,100077,motor,574,1559,921,0.605007,209.315520,51.423520,1492.011030,2128.379983,2441.117760,2512.335641,2.549971,5.586646,0.002174,False,
cao_qiao_001,100083,motor,622,902,75,0.439640,2201.901007,2131.545047,2723.000000,1227.500000,1043.475734,1047.204765,3.466600,4.627702,0.000000,False,
cao_qiao_001,100084,pedestrian,631,693,12,0.506959,1501.545365,1695.739277,1501.243368,1698.094707,2.374711,4.089142,0.213111,0.487691,1.000000,False,
cao_qiao_001,100086,pedestrian,644,732,10,0.428199,1430.607957,459.446032,1430.340988,459.615028,0.315962,3.324919,0.200762,0.366118,1.000000,False,
cao_qiao_001,100094,pedestrian,736,736,1,0.468040,2278.468480,2021.878645,2278.468480,2021.878645,0.000000,0.000000,0.000000,0.000000,1.000000,False,
cao_qiao_001,100095,motor,742,1608,801,0.550090,3028.522621,23.553881,1496.431177,2052.316190,2542.278642,3291.768358,3.816597,7.905694,0.002500,False,
cao_qiao_001,100099,motor,772,886,38,0.620978,3161.847018,141.869574,3443.589120,54.625537,294.940900,296.840185,2.544712,4.469861,0.000000,False,
cao_qiao_001,100101,pedestrian,796,810,15,0.513202,2317.607914,1952.446076,2327.893064,1937.514837,18.130808,18.505859,1.321847,1.694726,0.071429,False,
cao_qiao_001,100103,motor,812,1313,424,0.531138,1601.991144,508.008942,1443.818698,1996.161188,1496.534540,1660.121730,3.102970,7.407737,0.002364,False,
cao_qiao_001,100106,motor,821,1363,481,0.521071,2210.000000,2124.500000,3497.405411,19.800172,2467.219905,2490.389048,4.594835,6.726812,0.000000,False,
cao_qiao_001,100111,pedestrian,873,874,2,0.432777,1429.000000,459.477530,1427.828601,459.483274,1.171413,1.171413,1.171413,1.171413,0.000000,False,
cao_qiao_001,100112,motor,909,1192,204,0.529784,2234.145921,2091.897547,2544.955484,1526.177946,645.477537,650.559498,2.234732,3.751728,0.004926,False,
cao_qiao_001,100116,pedestrian,950,952,3,0.383349,2447.651987,1811.968854,2449.059176,1810.979873,1.719961,1.727910,0.863955,0.980738,1.000000,False,
cao_qiao_001,100119,pedestrian,976,1013,10,0.464930,2850.035493,992.133339,2913.426083,876.463315,131.901180,131.987601,3.438746,3.670182,0.000000,False,
cao_qiao_001,100124,pedestrian,1088,1088,1,0.375257,3040.630383,644.423649,3040.630383,644.423649,0.000000,0.000000,0.000000,0.000000,1.000000,False,
cao_qiao_001,100126,motor,1104,1676,320,0.499560,303.391914,111.999914,1167.628975,1362.367208,1519.975022,1562.733689,2.878283,4.235573,0.018809,False,
cao_qiao_001,100130,motor,1146,1203,38,0.444477,3145.000000,465.000000,3254.467297,303.550623,195.061504,195.719340,3.395041,4.020609,0.000000,False,
cao_qiao_001,100142,motor,1330,1377,24,0.414062,2779.869487,1091.423714,2888.000000,882.500000,235.247372,235.539306,5.061154,5.814069,0.000000,False,
cao_qiao_001,100143,motor,1335,1565,203,0.589095,2910.890933,75.138276,2075.886069,375.472936,887.374797,901.494027,3.918393,5.366814,0.000000,False,
cao_qiao_001,100150,motor,1437,1594,120,0.495519,3032.391957,601.639649,3524.302273,17.323077,763.807315,773.019340,4.927578,7.029977,0.000000,False,
cao_qiao_001,100162,motor,1648,1650,3,0.494145,439.597028,193.179997,450.500000,195.500000,11.147072,11.600670,5.800335,6.124836,0.000000,False,
cao_qiao_001,100163,motor,1643,1891,225,0.496686,1770.054140,389.500000,820.244576,212.526316,966.156246,970.474671,3.940802,5.209751,0.000000,False,
cao_qiao_001,100176,motor,1665,2067,300,0.543953,511.494045,251.852224,1507.497641,2135.307989,2130.593528,2154.302063,5.333407,8.061691,0.000000,False,
cao_qiao_001,100181,pedestrian,1698,1717,4,0.418410,1501.980915,1697.747392,1503.548757,1697.504465,1.586550,1.670982,0.097695,0.222206,1.000000,False,
cao_qiao_001,100183,motor,1737,2084,262,0.482317,1199.076437,1403.338054,1788.322962,1790.110191,704.843353,720.131075,2.131625,4.609772,0.172414,False,
cao_qiao_001,100185,pedestrian,1789,1799,3,0.436183,1503.529647,1697.981734,1503.360324,1697.497355,0.513121,0.591052,0.068922,0.118005,1.000000,False,
cao_qiao_001,100191,pedestrian,1924,1924,1,0.455297,1428.232070,459.567787,1428.232070,459.567787,0.000000,0.000000,0.000000,0.000000,1.000000,False,
cao_qiao_001,100194,motor,1986,2068,28,0.417590,502.125546,124.066132,238.767429,44.225968,275.194384,275.518119,3.316069,4.343362,0.000000,False,
cao_qiao_001,100200,pedestrian,2171,2171,1,0.362510,1427.500000,459.000000,1427.500000,459.000000,0.000000,0.000000,0.000000,0.000000,1.000000,False,
cao_qiao_001,100202,pedestrian,2181,2182,2,0.462413,2026.910940,1800.536434,2029.693455,1800.435302,2.784352,2.784352,2.784352,2.784352,0.000000,False,
cao_qiao_001,100203,pedestrian,2204,2207,4,0.403530,1501.500000,1696.004947,1501.500000,1696.008174,0.003227,0.004326,0.001442,0.003363,1.000000,False,
cao_qiao_001,100209,motor,2265,2900,611,0.611154,2222.477423,1719.009093,3399.381918,100.316153,2001.317323,2030.710507,3.193971,5.600031,0.001639,False,
cao_qiao_001,100215,motor,2336,2336,1,0.372163,2471.535952,1707.728502,2471.535952,1707.728502,0.000000,0.000000,0.000000,0.000000,1.000000,False,
cao_qiao_001,100223,pedestrian,2463,2470,8,0.445214,1501.522470,1695.869574,1500.976812,1695.364332,0.743647,2.159203,0.308458,0.435997,1.000000,False,
cao_qiao_001,100229,pedestrian,2578,2705,63,0.501327,1502.011726,1695.921909,1502.037519,1695.953731,0.040963,13.953138,0.186041,0.708932,1.000000,False,
cao_qiao_001,100231,motor,2554,2631,41,0.453344,2814.904187,1090.095847,2930.000000,872.500000,246.160515,247.248775,3.189779,5.877942,0.000000,False,
cao_qiao_001,100239,motor,2761,2762,2,0.412916,210.968416,51.977466,212.954590,52.702299,2.114302,2.114302,2.114302,2.114302,0.000000,False,
cao_qiao_001,100240,pedestrian,2763,2813,4,0.381006,2228.031498,1742.531498,2226.959164,1741.840440,1.275720,1.986719,0.160081,0.301115,1.000000,False,
cao_qiao_001,100241,motor,2787,3397,129,0.463170,335.001323,128.153089,1107.600588,1220.313998,1337.806068,1363.970344,2.260260,3.006174,0.000000,False,
cao_qiao_001,100244,motor,2791,2899,101,0.527282,3159.400986,434.468631,3369.988020,157.021703,348.315513,349.742253,3.240027,4.174198,0.000000,False,
cao_qiao_001,100246,motor,2845,3567,526,0.553131,379.394523,166.076483,1461.742261,2093.967206,2210.936287,2255.391336,2.883373,7.778175,0.001905,False,
cao_qiao_001,100250,pedestrian,2884,2984,4,0.415622,1502.333745,1694.993806,1504.818834,1696.383272,2.847154,3.923585,0.154840,0.384749,1.000000,False,
cao_qiao_001,100265,pedestrian,3179,3299,41,0.464956,1502.942158,1695.329249,1503.005536,1694.501459,0.830213,11.103119,0.217240,0.468940,1.000000,False,
cao_qiao_001,100267,motor,3147,3709,439,0.535760,387.328102,30.044852,1757.036319,1707.887738,2165.931059,2239.912869,4.021775,11.101802,0.002283,False,
cao_qiao_001,100269,motor,3167,3858,520,0.532131,2173.452729,2047.940503,696.287383,18.390573,2510.197279,3250.441430,4.679239,8.732125,0.000000,False,
cao_qiao_001,100281,pedestrian,3404,3646,50,0.459485,1502.500241,1694.500200,1502.617760,1694.499629,0.117521,9.148885,0.104057,0.510030,1.000000,False,
cao_qiao_001,100297,pedestrian,3741,3761,10,0.456204,1502.503150,1694.488915,1502.891164,1694.495847,0.388076,2.352755,0.191164,0.530132,1.000000,False,
cao_qiao_001,100313,tricycle,3865,4261,75,0.469898,2358.965281,1603.654409,3339.489792,165.824814,1740.339697,1762.966821,4.471874,10.318326,0.000000,False,
cao_qiao_001,100314,pedestrian,3854,3854,1,0.380554,1504.000000,1695.076459,1504.000000,1695.076459,0.000000,0.000000,0.000000,0.000000,1.000000,False,
cao_qiao_001,100327,pedestrian,4022,4024,3,0.462291,1502.835466,1695.000000,1502.525353,1695.000000,0.310112,0.310112,0.155056,0.228386,1.000000,False,
cao_qiao_001,100331,people,4056,4057,2,0.399712,2841.671634,927.307719,2843.640833,922.745485,4.969076,4.969076,4.969076,4.969076,0.000000,False,
cao_qiao_001,100336,motor,4123,4362,149,0.542051,3386.401136,146.022405,3067.127072,635.840884,584.686301,592.402810,2.443971,4.787706,0.027027,False,
cao_qiao_001,100351,people,4305,4305,1,0.452175,3127.500000,502.500000,3127.500000,502.500000,0.000000,0.000000,0.000000,0.000000,1.000000,False,
cao_qiao_001,100353,motor,4337,5112,732,0.590872,2928.054162,78.945903,986.714598,988.949561,2144.039636,2183.894194,2.866824,5.958252,0.216142,False,
cao_qiao_001,100354,pedestrian,4373,4434,4,0.494903,1502.500000,1694.590069,1502.506570,1694.613289,0.024132,0.973120,0.165006,0.359416,1.000000,False,
cao_qiao_001,100357,motor,4402,4551,14,0.427450,783.847018,23.630383,998.541054,140.043263,244.224257,244.524281,1.817401,2.712050,0.000000,False,
cao_qiao_001,100360,pedestrian,4488,4554,9,0.417141,2228.684372,1743.626168,2228.498493,1743.671682,0.191370,2.554321,0.142494,0.328714,1.000000,False,
cao_qiao_001,100362,pedestrian,4478,4479,2,0.368737,1428.968840,457.500000,1428.974718,457.500000,0.005877,0.005877,0.005877,0.005877,1.000000,False,
cao_qiao_001,100364,motor,4569,4622,10,0.406251,2789.490365,1152.001395,2718.450894,1284.439429,150.287855,150.417731,2.659097,3.233544,0.000000,False,
cao_qiao_001,100368,pedestrian,4513,4521,3,0.372371,2029.000000,2128.500000,2029.023747,2131.707011,3.207099,3.762593,0.388272,0.497675,1.000000,False,
cao_qiao_001,100373,pedestrian,4568,4568,1,0.438693,1429.632216,476.132216,1429.632216,476.132216,0.000000,0.000000,0.000000,0.000000,1.000000,False,
cao_qiao_001,100380,tricycle,4696,5574,681,0.540914,2253.715849,2110.197964,2364.019588,571.745128,1542.402038,1689.447257,1.919928,6.597187,0.070588,False,
cao_qiao_001,100384,motor,4745,4762,3,0.394641,2559.575774,262.301991,2479.000000,295.000000,86.957548,86.957676,5.753198,6.476310,0.000000,False,
cao_qiao_001,100390,motor,4807,4851,2,0.415828,2491.522021,1713.967186,2441.182303,1809.345903,107.847981,107.847981,2.451090,2.451090,0.000000,False,
cao_qiao_001,100398,awning-tricycle,4946,4946,1,0.450486,2323.883728,2021.042907,2323.883728,2021.042907,0.000000,0.000000,0.000000,0.000000,1.000000,False,
cao_qiao_001,100407,motor,4980,5105,28,0.424893,826.492304,631.967199,1095.484601,1206.670809,634.540066,635.282752,5.066318,6.541701,0.000000,False,
cao_qiao_001,100408,motor,4968,5251,169,0.523591,1545.375445,593.192118,1281.880389,1549.330323,991.781181,1069.043803,3.561951,4.518376,0.000000,False,
cao_qiao_001,100411,motor,5032,5045,14,0.450968,411.377974,154.041012,478.244145,204.949712,84.040350,86.383408,6.644878,12.500000,0.000000,False,
cao_qiao_001,100414,motor,5041,5041,1,0.383946,2226.923606,613.500043,2226.923606,613.500043,0.000000,0.000000,0.000000,0.000000,1.000000,False,
cao_qiao_001,100416,motor,5078,5082,5,0.449187,368.620196,21.098824,384.067219,25.774428,16.139138,16.156210,4.039053,4.738104,0.000000,False,
cao_qiao_001,100420,motor,5116,5155,3,0.402447,2134.529209,517.630110,2090.266388,467.999604,66.501011,66.503851,2.125778,2.569061,0.000000,False,
cao_qiao_001,100425,motor,5125,5943,435,0.465933,793.598799,525.053795,3372.500000,141.500000,2607.267711,4000.020189,4.801973,9.013878,0.000000,False,
cao_qiao_001,100429,motor,5149,5169,6,0.387231,2371.270581,1822.251953,2401.069409,1774.732819,56.089556,56.120552,3.096206,4.335193,0.000000,False,
cao_qiao_001,100431,pedestrian,5156,5225,22,0.424727,2220.522470,1737.968502,2220.492034,1737.491783,0.477690,3.356138,0.129152,0.349561,1.000000,False,
cao_qiao_001,100432,motor,5167,5454,216,0.476023,680.525079,114.967795,1566.500000,352.500000,917.263926,923.606887,3.264246,5.852350,0.000000,False,
cao_qiao_001,100433,people,5163,5163,1,0.435187,2582.500000,1413.500000,2582.500000,1413.500000,0.000000,0.000000,0.000000,0.000000,1.000000,False,
cao_qiao_001,100435,motor,5199,5200,2,0.421196,2039.022534,416.446076,2037.907234,415.437947,1.503402,1.503402,1.503402,1.503402,0.000000,False,
cao_qiao_001,100442,motor,5269,5270,2,0.362690,1443.531412,1984.477315,1444.764366,1989.092669,4.777203,4.777203,4.777203,4.777203,0.000000,False,
cao_qiao_001,100444,pedestrian,5286,5489,72,0.474231,2219.770573,1736.500000,2220.987502,1736.488126,1.216988,16.420193,0.193373,0.529975,1.000000,False,
cao_qiao_001,100448,motor,5344,5386,21,0.428957,1421.816474,1897.444554,1482.982353,2058.475021,172.255844,172.350210,4.151189,4.526431,0.000000,False,
cao_qiao_001,100451,motor,5361,6086,535,0.514025,2912.076567,74.986494,767.633666,17.723799,2145.207303,2286.926135,3.171572,11.237491,0.000000,False,
cao_qiao_001,100459,motor,5458,5463,6,0.500984,1590.869682,332.446032,1582.848531,331.651663,8.060390,8.121776,1.624355,2.149433,0.000000,False,
cao_qiao_001,100460,motor,5460,5462,3,0.405422,2891.608043,74.445989,2885.500526,77.461094,6.811212,6.882327,3.441164,3.830726,0.000000,False,
cao_qiao_001,100465,motor,5503,6100,384,0.554320,2772.393231,146.414748,1202.500000,949.000000,1763.152814,1848.667394,3.113476,7.187210,0.002611,False,
cao_qiao_001,100466,motor,5517,5545,14,0.419463,1733.500000,352.000000,1797.500000,345.500000,64.329231,67.498765,2.554318,4.272002,0.000000,False,
cao_qiao_001,100470,motor,5599,5826,68,0.442168,1327.000000,287.500000,932.418284,115.993463,430.243214,432.330637,1.843101,2.692582,0.014925,False,
cao_qiao_001,100472,pedestrian,5598,5648,41,0.469704,2220.553968,1736.522470,2221.447124,1736.947767,0.989245,9.435000,0.232698,0.713381,1.000000,False,
cao_qiao_001,100475,motor,5642,6439,639,0.529506,2910.590008,77.441555,1261.770254,1492.926101,2173.063064,2577.950920,3.216402,6.946222,0.007837,False,
cao_qiao_001,100478,motor,5703,5793,29,0.440217,3180.031433,341.392130,3316.752084,109.257823,269.404663,270.340935,3.026788,3.958507,0.000000,False,
cao_qiao_001,100480,tricycle,5724,6047,187,0.471739,2179.519512,427.570073,1303.359787,294.877109,886.150826,896.964094,2.851337,5.869262,0.000000,False,
cao_qiao_001,100484,people,5763,5773,3,0.409182,2092.631342,388.977595,2072.000000,383.500000,21.346108,21.350060,1.931942,2.185772,0.000000,False,
cao_qiao_001,100485,pedestrian,5765,5857,11,0.442622,2224.000000,1738.630426,2223.824639,1738.505247,0.215456,1.242728,0.061964,0.325586,1.000000,False,
cao_qiao_001,100491,pedestrian,5859,5859,1,0.536250,2275.531476,2077.423584,2275.531476,2077.423584,0.000000,0.000000,0.000000,0.000000,1.000000,False,
cao_qiao_001,100497,motor,5941,6029,38,0.445267,2161.903946,2047.368334,2320.093176,1717.166145,366.138386,366.448803,4.165972,4.792777,0.000000,False,
cao_qiao_001,100506,pedestrian,5962,6041,29,0.451112,2223.094429,1738.939620,2220.524986,1738.045304,2.720632,7.587856,0.211698,0.736987,1.000000,False,
cao_qiao_001,100509,motor,5985,6164,160,0.507308,2920.522599,74.630340,2359.500000,309.500000,608.202362,614.208885,3.421265,5.590170,0.000000,False,
cao_qiao_001,100520,motor,6085,6848,648,0.518609,2423.999935,1506.108129,672.331431,24.536308,2294.209583,2672.293271,3.434290,8.833377,0.024730,False,
cao_qiao_001,100525,pedestrian,6112,6243,45,0.449826,2220.000000,1736.509028,2219.514719,1736.507220,0.485284,9.746293,0.184726,0.608649,1.000000,False,
cao_qiao_001,100528,motor,6189,6259,20,0.537043,901.258842,120.560912,717.879918,19.918890,209.180894,209.403253,2.924684,3.750255,0.000000,False,
cao_qiao_001,100529,motor,6147,6296,87,0.593226,2923.045112,72.356046,2338.050161,300.982343,628.083653,631.276922,4.368705,5.213682,0.000000,False,
cao_qiao_001,100534,motor,6188,6338,128,0.503350,1181.955039,1041.499957,1192.280784,1388.532251,347.185879,349.596943,2.232367,3.519341,0.007874,False,
cao_qiao_001,100535,motor,6193,6857,624,0.547446,2899.229462,70.553924,718.509035,18.999730,2181.329736,2327.751277,3.489128,6.244781,0.000000,False,
cao_qiao_001,100542,motor,6270,6546,227,0.495115,2002.510104,353.596838,1141.655328,225.493832,870.334031,881.926074,3.204215,6.080620,0.000000,False,
cao_qiao_001,100543,pedestrian,6335,6492,30,0.442694,2220.520054,1737.499959,2222.181498,1738.548868,1.964843,11.075569,0.187785,0.689925,1.000000,False,
cao_qiao_001,100547,motor,6376,6378,3,0.404789,2065.865634,340.747532,2060.204414,341.060064,5.669840,5.670858,2.835429,3.237904,0.000000,False,
cao_qiao_001,100551,pedestrian,6440,6458,7,0.586373,2576.630448,1334.968567,2567.305449,1308.029594,28.507259,28.608873,1.227950,1.996350,0.333333,False,
cao_qiao_001,100552,pedestrian,6459,6514,5,0.388554,2333.552068,443.680065,2334.512599,443.109516,1.117205,1.825565,0.161005,0.254362,1.000000,False,
cao_qiao_001,100554,motor,6500,6556,39,0.431423,1836.500022,342.053968,1833.533824,343.357884,3.240143,11.610926,0.220054,0.841696,1.000000,False,
cao_qiao_001,100557,pedestrian,6532,6587,16,0.484396,2222.348956,1739.012729,2222.509041,1739.348056,0.371580,5.144775,0.217937,0.448541,1.000000,False,
cao_qiao_001,100561,motor,6576,6626,12,0.404756,2507.976450,1055.896522,2464.000000,943.000000,121.159204,121.328711,2.482310,3.116153,0.000000,False,
cao_qiao_001,100562,motor,6591,6688,34,0.447518,1013.831865,169.428074,732.406210,24.271389,316.655748,317.949430,3.243550,5.472983,0.000000,False,
cao_qiao_001,100572,pedestrian,6759,6777,8,0.457686,2224.509370,1738.492626,2224.446032,1738.560729,0.093004,1.565129,0.198933,0.430967,1.000000,False,
cao_qiao_001,100580,motor,6965,7204,69,0.468759,2008.529698,520.404257,1499.372354,345.414196,538.389007,541.649568,2.225117,3.041381,0.014706,False,
cao_qiao_001,100596,pedestrian,7180,7180,1,0.408241,3308.652917,255.793094,3308.652917,255.793094,0.000000,0.000000,0.000000,0.000000,1.000000,False,
cao_qiao_001,100597,motor,7183,7741,500,0.558489,2914.608108,79.423477,1204.870111,1114.283942,1998.534513,2181.325312,3.945126,7.825062,0.000000,False,
cao_qiao_001,100598,pedestrian,7205,7206,2,0.388185,2225.977530,1741.446032,2225.983274,1741.437919,0.009940,0.009940,0.009940,0.009940,1.000000,False,
cao_qiao_001,100599,motor,7248,7466,106,0.475115,1388.022577,320.923563,881.022479,106.218050,550.588374,553.701595,2.568444,5.027935,0.000000,False,
cao_qiao_001,100602,motor,7283,7298,5,0.391225,3281.655371,246.674443,3336.546247,185.728691,82.020686,82.050763,5.487210,5.599356,0.000000,False,
cao_qiao_001,100613,pedestrian,7354,7354,1,0.382173,2337.192053,443.475994,2337.192053,443.475994,0.000000,0.000000,0.000000,0.000000,1.000000,False,
cao_qiao_001,100623,pedestrian,7430,7574,62,0.469972,1048.407602,973.086795,1510.744711,1645.130445,815.719480,820.877590,5.741433,6.970671,0.000000,False,
cao_qiao_001,100628,motor,7472,7472,1,0.417439,2781.619090,141.575397,2781.619090,141.575397,0.000000,0.000000,0.000000,0.000000,1.000000,False,
cao_qiao_001,100636,pedestrian,7515,7549,7,0.425544,2226.000000,1743.000000,2224.986899,1743.000000,1.013101,1.580283,0.114274,0.326539,1.000000,False,
cao_qiao_001,100645,pedestrian,7582,7675,23,0.427286,2335.653313,443.802651,2336.075341,443.683020,0.438656,9.400153,0.277537,0.996198,1.000000,False,
cao_qiao_001,100657,pedestrian,7696,7748,27,0.664260,2058.407382,1813.976789,2278.550836,1723.569404,237.984529,239.665237,4.563725,6.006380,0.000000,False,
cao_qiao_001,100658,motor,7660,7660,1,0.430279,3229.837610,335.067856,3229.837610,335.067856,0.000000,0.000000,0.000000,0.000000,1.000000,False,
cao_qiao_001,100661,tricycle,7691,7693,3,0.423217,923.968594,228.201745,919.000000,219.999969,9.589371,9.662935,4.831467,5.757786,0.000000,False,
cao_qiao_001,100664,pedestrian,7701,7702,2,0.641186,2640.336439,1400.650163,2638.500000,1400.500000,1.842568,1.842568,1.842568,1.842568,0.000000,False,
cao_qiao_001,100667,pedestrian,7730,7730,1,0.531885,2708.499957,1273.206993,2708.499957,1273.206993,0.000000,0.000000,0.000000,0.000000,1.000000,False,
cao_qiao_001,100674,motor,7768,7828,43,0.476381,2354.957746,1648.418060,2565.955218,1436.877222,298.779951,299.692607,5.032020,5.518196,0.000000,False,
cao_qiao_001,100676,motor,7768,7992,68,0.494483,1210.554563,1223.772049,1503.978146,2116.412129,939.629561,942.376733,4.245917,5.032160,0.000000,False,
cao_qiao_001,100677,pedestrian,7776,7778,3,0.558145,2818.949892,1073.138404,2823.920297,1064.713365,9.781933,9.790536,4.895268,5.212992,0.000000,False,
cao_qiao_001,100679,motor,7811,7954,104,0.535709,2102.548894,357.550628,1827.062649,520.826768,320.237051,326.300804,2.085483,3.630934,0.000000,False,
cao_qiao_001,100680,pedestrian,7840,8018,35,0.422146,2335.386906,443.436958,2339.867643,444.668900,4.647008,16.397162,0.242461,0.600782,1.000000,False,
cao_qiao_001,100681,people,7846,7846,1,0.363129,2400.954975,1774.491122,2400.954975,1774.491122,0.000000,0.000000,0.000000,0.000000,1.000000,False,
cao_qiao_001,100682,motor,7848,7851,4,0.441436,2920.824699,78.553946,2913.671391,82.923232,8.382152,8.734417,2.911472,3.448637,0.000000,False,
cao_qiao_001,100692,motor,7910,7955,35,0.487020,2804.183871,1075.413053,2923.262862,861.300790,244.997688,245.279443,5.426973,5.988036,0.000000,False,
cao_qiao_001,100704,pedestrian,7963,7971,2,0.427437,2618.000000,1398.500000,2634.658169,1372.676554,30.730196,30.730196,3.841274,3.841274,0.000000,False,
cao_qiao_001,100705,motor,7965,7967,3,0.437298,3290.576329,266.653068,3297.462054,259.391872,10.006906,10.009325,5.004663,5.224328,0.000000,False,
cao_qiao_001,100706,pedestrian,7987,8123,67,0.430264,2028.512391,2131.441064,2028.002014,2131.145912,0.589576,19.928230,0.243885,0.851348,1.000000,False,
cao_qiao_001,100708,tricycle,7972,8089,17,0.404632,2467.184566,287.531433,1997.634877,377.989235,478.183568,478.708454,4.161574,4.754216,0.000000,False,
cao_qiao_001,100712,motor,8017,8085,38,0.482144,3093.433816,576.529820,3282.304785,284.884342,347.461261,348.800986,5.123043,8.557640,0.000000,False,
cao_qiao_001,100716,motor,8072,8344,30,0.449631,2828.669780,1047.816484,3351.000000,173.000000,1018.887992,1020.669823,3.672116,4.243511,0.000000,False,
cao_qiao_001,100723,pedestrian,8173,8312,47,0.428816,2336.981115,444.511391,2337.442057,443.990443,0.695597,15.091171,0.210609,0.655978,1.000000,False,
cao_qiao_001,100724,tricycle,8163,8169,4,0.422197,1692.130599,379.946032,1666.799821,377.860281,25.416504,25.463855,4.299201,4.558397,0.000000,False,
cao_qiao_001,100731,motor,8228,8598,318,0.546998,2781.554097,145.869509,1579.528364,611.065196,1288.903755,1296.592012,3.502588,5.511283,0.000000,False,
cao_qiao_001,100734,people,8244,8249,3,0.365197,1297.522513,1039.932484,1294.356038,1049.175154,9.770032,9.774664,1.861314,2.017345,0.000000,False,
cao_qiao_001,100741,motor,8403,8771,278,0.484882,2678.268582,208.009669,1409.000000,689.500000,1357.525570,1366.518449,3.678070,6.066170,0.000000,False,
cao_qiao_001,100742,motor,8391,8437,11,0.388846,1259.953530,1430.300410,1294.896057,1568.966912,143.001325,143.573690,3.123776,3.490566,0.000000,False,
cao_qiao_001,100743,pedestrian,8386,8809,167,0.466460,2337.052749,443.489897,2334.192605,443.184273,2.876427,57.076191,0.277291,0.785737,1.000000,False,
cao_qiao_001,100744,pedestrian,8427,8427,1,0.410069,1055.204438,1147.194371,1055.204438,1147.194371,0.000000,0.000000,0.000000,0.000000,1.000000,False,
cao_qiao_001,100756,motor,8451,8455,5,0.418887,1836.977530,344.468502,1836.991858,344.469626,0.014371,0.032805,0.008201,0.014999,1.000000,False,
cao_qiao_001,100761,pedestrian,8501,8502,2,0.447766,2408.197749,1556.067603,2410.081492,1550.378905,5.992476,5.992476,5.992476,5.992476,0.000000,False,
cao_qiao_001,100763,pedestrian,8560,8560,1,0.533148,2494.739753,1204.881612,2494.739753,1204.881612,0.000000,0.000000,0.000000,0.000000,1.000000,False,
cao_qiao_001,100768,people,8608,8608,1,0.368607,2483.841353,964.341177,2483.841353,964.341177,0.000000,0.000000,0.000000,0.000000,1.000000,False,
cao_qiao_001,100770,motor,8597,9021,198,0.590214,2911.901244,92.576351,1310.771665,942.280340,1812.625940,1884.931777,4.474888,6.800735,0.000000,False,
cao_qiao_001,100775,pedestrian,8659,8659,1,0.391302,2359.734946,751.197410,2359.734946,751.197410,0.000000,0.000000,0.000000,0.000000,1.000000,False,
cao_qiao_001,100776,pedestrian,8691,8691,1,0.396328,2224.986837,1740.053122,2224.986837,1740.053122,0.000000,0.000000,0.000000,0.000000,1.000000,False,
cao_qiao_001,100785,motor,8708,8964,97,0.421927,1325.026244,905.279821,1383.344427,1793.751447,890.383536,908.208949,3.575079,4.978035,0.000000,False,
cao_qiao_001,100789,motor,8732,8916,114,0.467156,2040.424581,528.844576,950.079534,167.850135,1148.550960,1154.367824,6.341679,10.307764,0.000000,False,
cao_qiao_001,100791,motor,8766,9016,241,0.594014,1825.390884,345.008226,1298.277637,743.905285,661.034976,697.984348,2.781569,5.590170,0.012500,False,
cao_qiao_001,100792,motor,8770,8772,3,0.384743,2453.000000,1674.500000,2456.043446,1670.392261,5.112346,5.156498,2.578249,2.975653,0.000000,False,
cao_qiao_001,100794,pedestrian,8815,8876,20,0.444355,2223.500000,1742.009347,2223.495986,1742.000009,0.010164,1.276205,0.064057,0.326688,1.000000,False,
cao_qiao_001,100799,pedestrian,8912,8913,2,0.378733,2332.992568,443.831013,2332.993024,443.953355,0.122342,0.122342,0.122342,0.122342,1.000000,False,
cao_qiao_001,100800,pedestrian,8861,8884,9,0.599578,3250.325510,292.554487,3321.500000,209.000000,109.759557,110.067971,4.816336,5.837048,0.000000,False,
cao_qiao_001,100805,pedestrian,8967,9018,22,0.438747,2332.633200,442.465678,2333.073057,442.825723,0.568425,6.260310,0.223915,0.612684,1.000000,False,
cao_qiao_001,100807,pedestrian,8980,8982,3,0.484586,2725.522426,1023.590837,2728.000000,1003.500000,20.243026,20.317406,10.158703,17.193785,0.000000,False,
